SalePrice,1st Flr SF,2nd Flr SF,Total Bsmt SF,Garage Area,Wood Deck SF,Open Porch SF,Lot Area,Year Built,Yr Sold
215000,1656,0,1080.0,528.0,210,62,31770,1960,2010
105000,896,0,882.0,730.0,140,0,11622,1961,2010
172000,1329,0,1329.0,312.0,393,36,14267,1958,2010
244000,2110,0,2110.0,522.0,0,0,11160,1968,2010
189900,928,701,928.0,482.0,212,34,13830,1997,2010
195500,926,678,926.0,470.0,360,36,9978,1998,2010
189000,1028,776,994.0,442.0,140,60,7500,1999,2010
175900,763,892,763.0,440.0,157,84,10000,1993,2010
185000,1187,0,1168.0,420.0,483,21,7980,1992,2010
180400,789,676,789.0,393.0,0,75,8402,1998,2010
171500,1341,0,1300.0,506.0,192,0,10176,1990,2010
538000,1690,1589,1650.0,841.0,503,36,53504,2003,2010
164000,1080,672,559.0,492.0,325,12,12134,1988,2010
141000,864,0,864.0,400.0,0,0,19138,1951,2010
210000,2073,0,1542.0,500.0,349,0,13175,1978,2010
190000,1844,0,1844.0,546.0,0,122,11751,1977,2010
216000,814,860,814.0,663.0,0,96,7500,2000,2010
149000,1004,0,1004.0,480.0,0,0,11241,1970,2010
149900,1078,0,1078.0,500.0,0,0,12537,1971,2010
142000,1056,0,1056.0,304.0,0,85,8450,1968,2010
126000,882,0,882.0,525.0,240,0,8400,1970,2010
115000,864,0,864.0,0.0,0,0,10500,1971,2010
306000,1704,0,1704.0,772.0,0,50,11478,2007,2010
275000,1698,0,1698.0,730.0,192,74,11520,2005,2010
259000,1822,0,1822.0,678.0,0,119,14122,2005,2010
214000,1535,0,1517.0,532.0,0,0,10171,2004,2010
500000,2696,0,2846.0,958.0,220,150,14300,2003,2010
320000,1687,563,1671.0,756.0,238,130,13650,2002,2010
199500,1324,0,1324.0,430.0,36,23,18494,2005,2010
184500,744,630,384.0,400.0,100,0,13300,2004,2010
216500,860,1100,860.0,440.0,288,48,7851,2002,2010
185088,847,886,847.0,433.0,144,48,8577,2004,2010
180000,774,656,384.0,400.0,180,0,7750,2000,2010
222500,884,1151,884.0,434.0,144,48,9505,2001,2010
333168,1422,1177,1393.0,779.0,668,30,14774,1999,2010
355000,1645,830,1629.0,962.0,23,172,17433,1998,2010
260400,1720,0,1720.0,527.0,240,56,10593,1996,2010
325000,1500,1122,1463.0,712.0,186,32,12256,1994,2010
290000,1164,1106,1152.0,671.0,132,57,11764,1999,2010
221000,1195,644,1195.0,486.0,0,81,16770,1998,2010
410000,2053,1185,2033.0,666.0,283,86,14720,1995,2010
221500,1595,0,1595.0,880.0,144,0,8987,2005,2010
215200,764,783,756.0,614.0,169,45,8640,2009,2010
262500,1566,0,1566.0,750.0,144,168,9000,2008,2010
254900,991,956,991.0,678.0,0,136,12552,2004,2010
271500,1468,0,1468.0,528.0,0,102,10440,2005,2010
233000,956,1128,956.0,618.0,0,45,10142,2004,2010
181000,831,828,831.0,484.0,144,68,11920,2004,2010
205000,1222,888,948.0,463.0,0,130,8880,1994,2010
189000,1055,790,1055.0,462.0,635,104,11218,1992,2010
194500,1014,730,996.0,457.0,370,70,9453,1993,2010
152000,1097,0,1040.0,480.0,0,0,9672,1984,2010
171000,888,676,650.0,476.0,0,50,8400,1980,2010
67500,1012,0,816.0,429.0,121,0,9800,1920,2010
148000,1155,0,1109.0,576.0,192,0,11782,1961,2010
138500,894,0,894.0,336.0,416,144,8450,1965,2010
122000,900,0,882.0,280.0,0,0,9819,1967,2010
133000,1040,0,1040.0,308.0,0,0,7500,1963,2010
127000,1040,0,1040.0,260.0,0,104,6897,1962,2010
190000,1061,862,750.0,564.0,240,39,10186,1992,2010
362500,1251,1098,1231.0,762.0,32,130,13143,1993,2010
285000,1402,823,1390.0,713.0,198,30,11134,1992,2010
254000,975,873,975.0,592.0,280,184,7379,2000,2010
130500,725,754,725.0,475.0,0,44,13517,1976,2010
230000,1492,0,1492.0,596.0,277,137,8000,2002,2010
218500,1829,0,1829.0,535.0,0,76,10456,1967,2010
243500,1280,1215,1280.0,660.0,224,32,10791,1993,2010
205000,1610,0,1610.0,480.0,168,68,10603,1977,2010
212500,1287,604,1224.0,678.0,0,69,18837,1978,2010
196500,980,734,980.0,496.0,228,66,10421,1988,2010
197500,1381,0,1161.0,676.0,0,0,9360,1972,2010
171000,930,715,715.0,441.0,0,78,9600,1971,2010
142250,1232,0,1232.0,490.0,0,224,9600,1966,2010
143000,1328,0,1328.0,528.0,0,26,9790,1963,2010
128950,1225,0,950.0,0.0,352,0,9320,1959,2010
159000,1209,0,1209.0,504.0,0,0,9900,1966,2010
178900,1510,0,1510.0,517.0,0,40,9680,1967,2010
180500,1152,0,1152.0,484.0,227,0,14112,1964,2010
142125,1078,0,1078.0,240.0,366,0,9717,1950,2010
197600,1929,532,1140.0,400.0,0,0,9724,1952,2010
172500,1019,537,782.0,470.0,0,0,17360,1949,2010
116500,858,0,858.0,0.0,117,0,7207,1958,2010
76500,1306,0,728.0,0.0,263,0,5350,1940,2010
128000,1063,0,1056.0,280.0,0,0,9920,1954,2010
153000,1520,0,1156.0,364.0,0,0,9600,1955,2010
132000,1268,0,1268.0,244.0,0,98,7800,1954,2010
178000,1128,0,1080.0,315.0,238,0,11380,1966,2010
180000,2207,0,1947.0,576.0,301,0,19900,1970,2010
190000,1888,0,1517.0,578.0,0,0,16492,1966,2010
214000,1480,0,1480.0,620.0,252,73,8197,2003,2010
136000,1143,0,1143.0,308.0,0,0,8050,1959,2010
165500,1700,0,1398.0,447.0,0,38,10552,1959,2010
145000,1314,0,1314.0,294.0,250,0,8400,1957,2010
148000,1194,0,1194.0,312.0,0,0,8760,1959,2010
167500,1264,0,1268.0,461.0,0,0,9300,1960,2010
108538,1206,0,1206.0,312.0,0,21,10725,1959,2010
159500,1580,0,1244.0,440.0,0,28,10032,1959,2010
108000,832,505,832.0,263.0,0,0,8382,1956,2010
135000,1064,0,864.0,318.0,0,0,10950,1952,2010
122500,972,0,972.0,305.0,0,0,10895,1955,2010
105000,985,0,576.0,676.0,0,0,7898,1920,2010
107500,827,0,0.0,392.0,0,0,7200,1955,2010
144900,1086,0,1086.0,490.0,0,0,10200,1954,2010
129000,936,0,936.0,308.0,0,0,5868,1956,2010
162000,1287,0,1063.0,576.0,364,17,9830,1959,2010
242000,1898,1080,710.0,564.0,240,0,11275,1967,2010
132000,816,408,816.0,280.0,414,0,8064,1948,2010
154000,1246,0,1246.0,305.0,218,0,7500,1959,2010
166000,910,475,910.0,720.0,0,0,8520,1952,2010
134800,900,0,900.0,576.0,222,32,7200,1951,2010
160000,1116,0,1116.0,440.0,0,0,10000,1962,2010
148000,1175,0,1175.0,484.0,0,0,7635,1960,2010
192000,1395,0,1395.0,440.0,657,0,9760,1963,2010
155000,1051,788,756.0,442.0,0,124,7700,1966,2010
96500,792,348,576.0,0.0,0,160,8800,1910,2010
109500,936,0,936.0,0.0,51,0,4485,1920,2010
115000,1028,0,1008.0,360.0,0,0,8960,1927,2010
143000,1347,0,1347.0,551.0,0,0,5805,1957,2010
107400,840,765,840.0,379.0,0,0,5790,1915,2010
80000,747,0,747.0,220.0,0,0,4608,1945,2010
130000,926,0,926.0,484.0,0,0,5500,1929,2010
119000,827,424,827.0,240.0,0,0,6900,1938,2010
129000,1027,606,1027.0,240.0,0,100,11851,1948,2010
100000,1060,185,1008.0,315.0,0,0,8239,1920,2010
105900,720,0,624.0,484.0,106,0,8520,1928,2010
139000,966,686,686.0,416.0,0,0,10800,1915,2010
240000,1157,1111,346.0,624.0,0,108,9000,1890,2010
149700,1236,0,912.0,923.0,0,158,7407,1957,2010
125500,741,622,622.0,528.0,0,0,7740,1910,2010
140750,868,602,738.0,624.0,0,0,10560,1922,2010
128500,1030,582,988.0,363.0,0,0,5830,1950,2010
209500,1160,908,1108.0,315.0,0,0,7793,1922,2010
87000,765,0,765.0,200.0,135,0,5000,1925,2010
128000,848,348,572.0,576.0,0,0,6000,1940,2010
132000,955,498,835.0,240.0,0,0,6360,1942,2010
139900,780,636,780.0,312.0,221,0,6000,1948,2010
123900,548,492,528.0,624.0,306,0,6240,1936,2010
138400,928,608,928.0,480.0,0,10,6240,1930,2010
109500,1068,0,1124.0,288.0,0,0,6120,1923,2010
140000,902,808,576.0,480.0,12,11,10300,1921,2010
149500,888,1074,888.0,572.0,160,0,8094,1915,2010
159900,780,780,780.0,0.0,344,0,12900,1912,2010
122000,662,662,662.0,180.0,0,0,3068,1920,2010
244400,1207,1196,1032.0,349.0,56,0,24090,1940,2010
173000,1675,0,1422.0,365.0,0,132,15263,1959,2010
107500,725,499,689.0,180.0,0,0,10632,1917,2010
95000,600,319,600.0,231.0,0,0,6001,1940,2010
94000,780,240,780.0,0.0,0,0,6342,1875,2010
121500,1392,0,1392.0,528.0,0,0,11341,1957,2010
125000,912,0,912.0,336.0,0,0,8521,1967,2010
154000,1060,0,1060.0,270.0,406,90,8246,1968,2010
137900,892,0,864.0,416.0,0,0,7800,1966,2010
158000,663,689,663.0,299.0,379,36,9364,1969,2010
137250,864,0,864.0,280.0,226,0,7832,1968,2010
163000,720,720,720.0,480.0,192,38,11227,1968,2010
328000,1306,954,1306.0,533.0,296,44,14000,1996,2010
270000,1483,0,1420.0,690.0,496,0,20062,1977,2010
85000,756,0,660.0,440.0,80,0,9259,1927,2010
128000,1067,0,1067.0,436.0,290,0,9600,1950,2010
260000,1332,192,1332.0,586.0,268,0,23595,1979,2010
230000,1117,864,1117.0,522.0,336,104,17082,1978,2010
124000,1052,558,972.0,480.0,0,0,18600,1938,2010
144500,1074,0,663.0,467.0,0,52,11479,1950,2010
129000,1144,0,1144.0,596.0,44,0,9571,1956,2010
127000,1169,0,756.0,209.0,0,0,9350,1947,2010
128000,1172,0,1172.0,366.0,240,0,9525,1954,2010
186000,1212,0,1212.0,460.0,100,22,10420,2009,2010
114000,1298,0,1250.0,504.0,0,144,11200,1964,2010
178000,977,755,741.0,476.0,192,46,9206,1985,2010
270000,1433,0,1433.0,528.0,0,278,11980,1987,2010
218000,964,838,946.0,1017.0,450,92,12361,1993,2010
236000,1062,887,1050.0,574.0,156,90,9938,1993,2010
147000,996,0,936.0,564.0,120,0,9069,1992,2010
245350,1694,0,1694.0,776.0,160,33,10475,2008,2010
206000,1208,0,1187.0,632.0,105,61,6762,2006,2010
198900,1226,0,1226.0,740.0,0,36,10402,2009,2010
187000,1222,0,1222.0,615.0,0,54,7360,2010,2010
320000,1699,1523,1673.0,594.0,367,0,12376,1990,2010
138500,831,614,676.0,484.0,0,59,14235,1900,2010
155000,1052,0,1010.0,440.0,0,0,8816,1971,2010
159000,965,0,870.0,580.0,71,0,11105,1996,2010
191000,892,800,878.0,513.0,0,39,9337,1997,2010
200500,804,878,804.0,523.0,0,77,8750,1998,2010
150000,1026,0,1026.0,308.0,316,85,15240,1977,2010
161750,689,703,689.0,299.0,0,36,10900,1977,2010
128200,894,0,894.0,308.0,365,0,10650,1976,2010
127000,876,0,876.0,484.0,0,0,7480,1972,2010
318000,1978,0,1978.0,850.0,188,25,10389,2003,2010
272000,1601,0,1581.0,670.0,180,0,11423,2001,2010
237000,941,888,941.0,613.0,192,39,9548,2003,2010
240000,1044,1054,1040.0,621.0,331,38,9375,1997,2010
224900,1661,0,1649.0,598.0,0,34,12137,1998,2010
232000,1668,0,1657.0,502.0,0,262,10635,2003,2010
213000,1484,0,1473.0,606.0,0,35,8400,2004,2010
185500,1414,0,1414.0,494.0,132,105,8773,2004,2010
84900,640,0,0.0,240.0,0,0,8777,1945,2010
144000,1196,0,1196.0,336.0,257,0,10044,1968,2010
125200,1096,0,1008.0,352.0,0,0,6305,1975,2010
90000,960,0,960.0,0.0,0,0,6410,1958,2010
140000,1121,0,1121.0,440.0,132,64,8546,2003,2010
113000,798,689,735.0,220.0,0,140,8741,1945,2010
144500,1526,0,1216.0,364.0,116,78,8562,1957,2010
104000,1296,0,1107.0,260.0,0,0,4853,1924,2010
128000,841,806,806.0,216.0,0,66,6858,1915,2010
58500,864,0,864.0,200.0,0,0,8212,1914,2010
127000,1026,665,1026.0,308.0,0,0,5000,1924,2010
126000,856,0,856.0,399.0,0,0,7890,1939,2010
100000,894,772,894.0,0.0,0,156,9839,1931,2010
169000,1699,748,804.0,336.0,272,0,9638,1919,2010
257500,1225,908,1528.0,312.0,0,0,10452,1941,2010
266500,1188,1152,1152.0,252.0,0,60,9042,1941,2010
335000,1902,0,1902.0,567.0,0,207,17500,1959,2010
203135,896,756,423.0,473.0,0,0,19645,1994,2010
289000,1801,0,1501.0,484.0,0,54,15602,1959,2010
125500,796,358,796.0,240.0,0,96,5436,1922,2010
82000,540,0,480.0,200.0,0,0,8154,1941,2010
110000,727,380,629.0,625.0,0,56,9140,1921,2010
254900,1036,880,1049.0,741.0,0,70,11050,1998,2010
190000,1285,0,1243.0,473.0,375,26,9620,1977,2010
201000,1560,0,1560.0,573.0,100,150,9196,2003,2010
169900,1034,0,1012.0,888.0,0,0,12328,1976,2010
160000,1687,0,747.0,572.0,0,0,57200,1948,2010
220000,1346,0,1336.0,660.0,100,48,11896,2008,2010
174000,744,700,384.0,400.0,100,0,9802,2006,2010
214900,824,1070,817.0,510.0,0,40,11316,2002,2010
202900,993,915,967.0,431.0,135,0,14191,2002,2010
378500,2018,0,2002.0,746.0,144,76,13214,2008,2010
169000,1264,0,1068.0,528.0,0,0,15300,1965,2010
173500,1430,0,1430.0,624.0,0,0,10114,2004,2010
166500,1344,0,1344.0,686.0,328,0,11875,1999,2010
130000,874,0,864.0,352.0,0,0,6953,1971,2010
157900,1188,0,1188.0,312.0,261,39,26142,1962,2010
149900,833,0,833.0,495.0,431,0,12887,1984,2010
136000,624,650,624.0,576.0,22,0,10475,1991,2010
161000,864,615,864.0,275.0,287,0,10544,1969,2010
285000,1803,0,1679.0,482.0,129,64,9892,1994,2010
231000,1152,645,1152.0,616.0,162,312,12961,1993,2010
124500,882,0,882.0,502.0,0,0,13008,1956,2009
157000,1434,0,1434.0,528.0,80,21,10200,1974,2009
345000,2000,704,1952.0,538.0,269,111,13860,1972,2009
189500,945,663,945.0,470.0,252,30,10179,1997,2009
270000,1008,1275,1008.0,632.0,120,46,11792,2003,2009
189000,958,670,384.0,390.0,48,72,8400,1996,2009
377500,1746,0,1746.0,758.0,201,39,14892,2006,2009
168500,804,670,384.0,400.0,120,72,8530,1995,2009
240000,1478,0,1418.0,495.0,168,43,7380,1998,2009
177500,751,631,384.0,396.0,256,0,8923,1998,2009
185000,885,833,832.0,427.0,0,94,10141,1998,2009
191000,952,684,952.0,440.0,0,84,7500,1998,2009
178000,799,772,799.0,380.0,0,40,7837,1993,2009
185000,680,790,680.0,420.0,232,63,9765,1993,2009
181316,707,809,707.0,409.0,0,46,8803,1994,2009
166000,1190,0,1181.0,430.0,0,21,7250,1993,2009
178000,808,785,808.0,389.0,342,40,9636,1992,2009
174000,702,779,702.0,343.0,0,36,8125,1994,2009
173000,1167,0,1158.0,400.0,120,26,9248,1992,2009
225000,1005,978,978.0,490.0,0,0,10762,1999,2009
180500,1442,0,1424.0,500.0,0,34,11851,1990,2009
260000,1530,0,1530.0,430.0,168,36,16158,2005,2009
185000,946,988,1122.0,567.0,0,176,11900,1977,2009
260000,1153,1200,845.0,484.0,288,195,13005,1980,2009
181000,1586,0,1362.0,435.0,192,0,17043,1979,2009
215000,1602,0,1602.0,529.0,240,0,16635,1977,2009
200000,1671,0,1427.0,484.0,252,55,10928,1978,2009
249000,1539,1134,1043.0,441.0,178,84,12388,1980,2009
187500,1472,0,1372.0,588.0,233,48,14115,1980,2009
184000,1707,0,1140.0,479.0,0,0,11088,1978,2009
278000,2524,0,2524.0,542.0,474,120,9600,1981,2009
197500,1088,780,780.0,484.0,448,96,10304,1976,2009
240900,1016,868,926.0,581.0,0,35,7000,2003,2009
220000,1058,816,1058.0,588.0,0,134,7500,2000,2009
235000,972,839,972.0,565.0,225,48,8470,2002,2009
213000,1621,0,1621.0,478.0,0,0,9373,1975,2009
167900,1116,0,1116.0,528.0,0,0,10140,1974,2009
158000,1193,0,1176.0,506.0,40,0,11050,1975,2009
165000,1350,0,1064.0,478.0,0,0,10140,1974,2009
148500,1002,0,1002.0,902.0,0,0,8750,1970,2009
156000,1026,0,1026.0,440.0,171,48,7930,1969,2009
128000,1180,0,1180.0,477.0,0,45,7830,1970,2009
143000,1050,0,1043.0,336.0,0,0,8510,1971,2009
120500,864,0,864.0,660.0,96,0,6960,1970,2009
124500,864,0,864.0,463.0,0,0,8120,1970,2009
130000,864,0,864.0,576.0,200,0,9000,1971,2009
100000,892,0,892.0,288.0,0,0,7150,1967,2009
148800,1120,0,864.0,656.0,0,162,10710,1966,2009
337500,1718,0,1700.0,786.0,216,48,12456,2006,2009
462000,1794,978,1776.0,754.0,135,64,14257,2007,2009
555000,2402,0,3094.0,672.0,0,72,15431,2008,2009
325000,1652,0,1652.0,840.0,404,102,13173,2006,2009
256300,1600,0,1566.0,890.0,0,56,14230,2007,2009
335000,1130,1054,1104.0,836.0,0,102,11308,2008,2009
404000,2020,0,2020.0,896.0,192,98,12350,2008,2009
451950,1728,568,1722.0,842.0,382,274,13478,2008,2009
610000,2674,0,2630.0,762.0,360,50,13693,2007,2009
360000,1736,0,1736.0,834.0,319,90,11578,2008,2009
296000,1782,0,1782.0,932.0,99,82,16870,2004,2009
255500,1717,0,1709.0,908.0,169,39,11146,2006,2009
335000,1743,0,1739.0,927.0,168,45,10367,2008,2009
274900,1713,0,1713.0,856.0,0,26,9591,2004,2009
300000,1531,0,1504.0,700.0,184,52,10872,2006,2009
324000,1808,0,1774.0,850.0,200,26,13514,2008,2009
350000,1462,762,1462.0,738.0,184,0,8834,2004,2009
280000,1836,0,1836.0,862.0,125,185,11362,2004,2009
284000,1629,0,3206.0,880.0,0,0,10655,2003,2009
269500,1760,0,1760.0,583.0,165,190,12878,2003,2009
386250,2392,0,2392.0,968.0,248,105,13472,2003,2009
445000,2452,0,2452.0,886.0,0,116,15274,2003,2009
290000,1105,1295,1082.0,730.0,114,40,13262,2003,2009
255900,1606,0,1598.0,871.0,230,60,9658,2006,2009
382500,2200,0,2200.0,685.0,208,55,15262,2003,2009
286500,1712,0,1712.0,701.0,218,183,16770,2002,2009
184000,728,728,728.0,390.0,100,0,10928,2005,2009
167800,745,745,745.0,392.0,36,20,8918,2005,2009
174000,742,742,742.0,390.0,36,24,12589,2005,2009
174000,684,876,684.0,400.0,100,38,11911,2005,2009
188500,716,716,716.0,432.0,100,51,7795,2004,2009
200000,1010,1257,1010.0,390.0,120,46,8068,2002,2009
170000,744,630,384.0,400.0,100,0,9434,2004,2009
189500,868,762,868.0,436.0,120,48,7984,2004,2009
184100,779,640,408.0,527.0,120,0,7750,2002,2009
195500,846,748,846.0,434.0,300,48,10125,2004,2009
192000,806,683,782.0,400.0,0,75,8965,2003,2009
178000,698,644,698.0,393.0,100,56,8174,2003,2009
236000,980,1276,952.0,554.0,224,54,8795,2000,2009
257500,878,1126,870.0,644.0,0,48,12891,2002,2009
244000,1022,1032,992.0,390.0,24,48,12224,2000,2009
167000,744,630,384.0,400.0,0,0,9734,2004,2009
179000,1007,793,982.0,463.0,100,63,8123,2000,2009
190000,819,695,794.0,394.0,0,72,8433,2000,2009
156000,774,656,384.0,400.0,0,0,7750,1999,2009
245000,1223,1089,1177.0,658.0,298,0,15896,1999,2009
181000,892,783,841.0,502.0,0,103,24682,1999,2009
214000,1022,1038,992.0,390.0,0,0,8755,1999,2009
168000,774,656,384.0,410.0,0,0,7848,1999,2009
337000,1268,1097,1252.0,856.0,0,128,9430,1999,2009
403000,1490,1304,1462.0,810.0,0,146,15138,1995,2009
327000,1466,1221,1455.0,810.0,252,30,12720,2000,2009
340000,1310,1140,1284.0,1069.0,0,126,16545,1998,2009
336000,1276,1336,1225.0,676.0,250,0,12203,1998,2009
265000,1277,1067,1264.0,889.0,220,0,10208,1996,2009
315000,2063,0,2024.0,815.0,182,56,10750,1994,2009
260000,1372,1274,1347.0,656.0,340,60,9900,1993,2009
260000,1094,967,1070.0,647.0,296,102,9085,1995,2009
263550,1215,1017,1173.0,623.0,173,165,11692,1993,2009
402000,1686,762,1629.0,711.0,517,76,46589,1994,2009
248000,979,871,973.0,467.0,168,98,29959,1994,2009
275000,1696,0,1696.0,972.0,120,56,11194,2008,2009
257500,1658,0,1614.0,726.0,144,44,10206,2008,2009
275500,1702,0,1702.0,844.0,0,69,10130,2007,2009
245000,1432,0,1422.0,492.0,297,50,9139,2006,2009
253000,1113,858,1113.0,689.0,0,48,9675,2005,2009
468000,2490,0,2458.0,795.0,70,226,11128,2005,2009
210000,786,804,768.0,676.0,0,30,9000,2008,2009
229800,1402,0,1402.0,625.0,205,126,8640,2008,2009
250000,1530,0,1530.0,984.0,212,136,12606,2007,2009
238500,1448,0,1372.0,692.0,0,140,7500,2006,2009
310000,1026,981,1017.0,812.0,168,52,11003,2008,2009
270000,909,886,900.0,782.0,168,45,10603,2006,2009
252000,1082,871,1082.0,1043.0,160,50,10574,2005,2009
241000,1112,438,1092.0,438.0,0,168,8125,2006,2009
291000,1662,0,1652.0,711.0,168,120,10625,2006,2009
263000,912,1182,912.0,615.0,182,182,9375,2003,2009
185000,1221,0,1221.0,400.0,0,113,7500,2004,2009
234500,1553,0,1553.0,588.0,192,88,8736,2003,2009
209000,812,841,812.0,628.0,0,45,8127,2003,2009
159000,1218,0,1218.0,576.0,0,178,9605,2007,2009
152000,1141,0,1141.0,484.0,182,0,7500,2006,2009
143500,1158,0,1158.0,0.0,0,50,7500,2004,2009
193000,871,941,835.0,478.0,146,91,10628,2004,2009
203000,1512,0,1512.0,845.0,210,36,10141,2004,2009
184900,1200,0,1176.0,555.0,0,41,10083,2003,2009
159000,1114,0,1114.0,576.0,248,102,13072,2004,2009
142000,1114,0,1114.0,0.0,0,39,13072,2004,2009
153000,1114,0,1114.0,576.0,0,42,12450,2003,2009
220000,913,1209,913.0,559.0,0,74,11492,1996,2009
189000,1434,0,1454.0,527.0,290,39,8529,2001,2009
171500,833,897,816.0,528.0,0,91,7703,1992,2009
184000,754,786,754.0,495.0,140,32,9109,1994,2009
162000,698,702,676.0,465.0,0,48,10274,1986,2009
82000,841,0,721.0,294.0,250,0,8400,1950,2009
76000,784,0,784.0,360.0,0,0,9000,1928,2009
110000,980,0,980.0,400.0,0,28,9750,1962,2009
135000,980,0,980.0,484.0,192,0,7064,1977,2009
141000,864,0,864.0,732.0,0,312,8499,1961,2009
122000,864,0,864.0,440.0,158,0,9079,1961,2009
129000,912,0,912.0,300.0,0,0,7791,1963,2009
131400,1144,0,864.0,264.0,165,0,10000,1961,2009
62383,864,0,864.0,360.0,0,0,8281,1965,2009
123000,912,0,912.0,252.0,0,0,7150,1962,2009
275000,2014,0,2014.0,864.0,462,0,15676,1980,2009
235000,975,780,975.0,524.0,502,60,11949,1991,2009
318750,1694,0,1694.0,642.0,501,120,14694,1977,2009
241600,1740,0,1740.0,540.0,228,20,15417,1981,2009
150000,1620,0,1281.0,490.0,120,78,9991,1976,2009
154000,829,727,727.0,441.0,0,0,11700,1968,2009
185000,1442,0,1442.0,615.0,371,0,11717,1970,2009
185750,1489,0,1489.0,462.0,0,0,9156,1968,2009
200000,1107,983,1107.0,484.0,235,204,10382,1973,2009
206000,1285,782,752.0,784.0,297,40,12732,1974,2009
162000,735,660,723.0,497.0,294,116,12936,1972,2009
256900,1271,1369,932.0,515.0,0,120,10400,1967,2009
197900,1724,0,1680.0,480.0,0,0,17871,1967,2009
163000,1336,0,1288.0,502.0,312,11,9600,1969,2009
230000,1316,972,908.0,520.0,321,72,13774,1977,2009
167900,1334,0,1350.0,630.0,0,16,9650,1977,2009
213250,1680,0,1650.0,583.0,78,73,10140,1998,2009
227000,810,855,810.0,528.0,0,45,8400,2001,2009
130000,864,0,864.0,312.0,0,0,7130,1967,2009
143000,1568,0,1568.0,440.0,160,40,9600,1967,2009
117500,925,0,925.0,429.0,0,0,9100,1965,2009
172500,1320,0,1232.0,495.0,0,20,16500,1971,2009
161500,1342,0,1372.0,457.0,0,0,9790,1967,2009
141500,894,0,894.0,396.0,0,0,7436,1960,2009
118000,864,0,864.0,308.0,0,0,8125,1959,2009
127500,864,0,864.0,300.0,0,0,9100,1959,2009
140000,1362,0,1040.0,768.0,0,0,9450,1957,2009
177625,1728,0,1048.0,576.0,0,99,13495,1956,2009
167000,1516,0,1516.0,472.0,0,0,10004,1964,2009
153000,1313,0,1313.0,610.0,172,28,9350,1961,2009
154000,1154,0,1154.0,480.0,0,58,11000,1966,2009
177500,825,1315,744.0,549.0,0,40,8970,1965,2009
158000,1445,0,1127.0,645.0,180,0,12095,1964,2009
124500,1041,0,1041.0,270.0,224,88,9600,1959,2009
174500,1576,0,1208.0,368.0,85,0,11475,1961,2009
122000,960,0,960.0,330.0,0,70,9768,1955,2009
82500,708,0,420.0,0.0,164,0,5330,1940,2009
110000,979,224,709.0,352.0,0,0,7015,1950,2009
149500,1505,0,1505.0,505.0,0,0,12160,1953,2009
175000,1691,0,1680.0,550.0,0,67,9900,1967,2009
167000,1644,0,1416.0,418.0,110,0,9600,1953,2009
128900,1050,0,1050.0,338.0,0,0,9600,1956,2009
140000,1112,556,856.0,271.0,0,0,9600,1950,2009
147000,1113,0,1113.0,264.0,0,80,9600,1950,2009
187500,1453,0,1453.0,530.0,0,49,10573,1961,2009
159000,1394,0,1394.0,514.0,0,76,9500,1963,2009
256000,1567,0,1562.0,542.0,0,110,14695,1966,2009
205000,1186,800,768.0,486.0,0,42,13600,1965,2009
193500,1182,960,896.0,509.0,0,72,13000,1968,2009
110000,1392,0,1392.0,576.0,0,0,13560,1968,2009
104900,1281,457,715.0,368.0,55,0,12513,1920,2009
150000,1144,0,1169.0,286.0,257,0,8760,1956,2009
156500,1478,0,1478.0,442.0,114,0,8400,1957,2009
176000,1329,0,1329.0,441.0,0,0,12285,1960,2009
149500,988,0,988.0,297.0,156,0,9240,1959,2009
139000,1632,0,1240.0,338.0,289,0,9600,1958,2009
155000,1215,0,1215.0,297.0,0,0,12400,1958,2009
153000,1382,0,1382.0,350.0,280,0,8750,1955,2009
176000,1382,0,1362.0,884.0,0,0,19296,1962,2009
153000,1297,0,1297.0,498.0,0,0,8532,1954,2009
131000,1062,0,1062.0,297.0,0,0,8128,1954,2009
123000,1319,0,608.0,270.0,66,0,10634,1953,2009
126000,1112,0,631.0,480.0,0,0,13070,1951,2009
115000,1005,0,1005.0,672.0,0,0,10434,1955,2009
164900,1363,0,1008.0,288.0,324,42,14559,1951,2009
113000,793,0,793.0,240.0,0,0,8480,1945,2009
145500,1031,0,1031.0,230.0,0,0,7626,1952,2009
102900,1210,0,0.0,616.0,208,0,9533,1953,2009
152500,801,726,699.0,410.0,0,0,11419,1948,2009
129900,1200,0,1200.0,246.0,126,0,9600,1950,2009
132000,972,0,972.0,240.0,0,0,8000,1948,2009
99900,792,0,792.0,366.0,0,90,5470,1958,2009
135000,808,704,660.0,180.0,0,0,10410,1916,2009
149000,676,676,676.0,720.0,187,0,10800,1939,2009
114000,717,322,405.0,281.0,0,0,8146,1900,2009
109500,792,0,768.0,240.0,316,0,9022,1924,2009
125000,1078,0,1054.0,264.0,0,0,10230,1925,2009
142900,1313,0,1313.0,528.0,0,0,10410,1915,2009
156500,930,760,560.0,624.0,0,0,7200,1910,2009
59000,599,0,416.0,0.0,0,81,5400,1940,2009
105000,840,534,840.0,338.0,0,0,5400,1920,2009
106000,846,0,720.0,576.0,0,0,10800,1920,2009
78500,725,0,630.0,320.0,0,30,10800,1890,2009
154000,1380,0,1380.0,364.0,0,0,10143,1963,2009
163000,1040,0,1040.0,480.0,0,0,11500,1967,2009
143500,951,0,951.0,480.0,0,0,8010,1958,2009
135000,1105,0,1105.0,308.0,0,0,10454,1957,2009
153000,1306,0,992.0,756.0,0,0,8712,1957,2009
157500,1478,0,1478.0,498.0,0,40,17600,1960,2009
113500,1142,0,160.0,384.0,0,28,9000,1958,2009
133000,1036,0,832.0,288.0,0,28,12144,1949,2009
138000,1136,768,1208.0,240.0,0,0,7200,1950,2009
128000,1041,0,1041.0,294.0,0,0,7350,1958,2009
118900,732,0,732.0,240.0,0,68,7200,1952,2009
138000,1183,0,528.0,288.0,0,0,8000,1959,2009
132500,1148,0,1148.0,672.0,0,0,7931,1959,2009
133500,832,629,832.0,384.0,0,204,10800,1949,2009
144750,993,813,780.0,483.0,0,55,7570,1964,2009
127000,1045,0,1045.0,264.0,0,0,7936,1963,2009
109500,894,0,894.0,308.0,0,0,6600,1962,2009
115000,818,406,818.0,210.0,0,0,3950,1926,2009
110000,682,548,440.0,440.0,74,0,10440,1910,2009
128900,861,517,901.0,162.0,54,0,4080,1935,2009
130000,810,496,240.0,472.0,0,0,15660,1910,2009
129000,764,700,504.0,0.0,0,0,9900,1910,2009
150000,868,690,690.0,400.0,0,36,6406,1939,2009
107500,1378,994,994.0,432.0,0,287,6600,1892,2009
135000,707,682,651.0,240.0,0,0,3378,1946,2009
103000,801,646,801.0,0.0,80,0,10134,1910,2009
129500,768,560,768.0,308.0,0,12,6000,1950,2009
80000,861,0,861.0,288.0,0,0,7404,1920,2009
45000,612,0,0.0,308.0,0,0,5925,1940,2009
91300,886,0,190.0,273.0,144,20,5784,1938,2009
99500,792,0,624.0,287.0,0,0,8520,1923,2009
87500,833,677,677.0,720.0,0,0,9600,1910,2009
110000,720,564,720.0,240.0,0,35,3500,1947,2009
106000,1075,1063,849.0,360.0,40,156,8100,1898,2009
265979,1320,1320,1240.0,864.0,181,0,11700,1880,2009
160000,1090,917,917.0,357.0,0,235,8400,1900,2009
119000,664,624,624.0,280.0,0,103,3600,1917,2009
168000,916,826,916.0,424.0,0,169,17671,1882,2009
58500,816,0,624.0,0.0,0,33,3300,1910,2009
143000,832,650,650.0,324.0,0,0,9000,1920,2009
85000,1022,0,1022.0,280.0,0,30,7200,1910,2009
124900,1188,561,1088.0,456.0,48,0,8820,1890,2009
146500,780,741,741.0,640.0,0,0,9720,1910,2009
223500,1072,504,1324.0,528.0,0,312,21384,1923,2009
149000,1432,0,1022.0,216.0,266,61,6615,1923,2009
205000,952,596,952.0,672.0,74,0,7264,1925,2009
137000,1001,653,297.0,336.0,244,60,4960,1930,2009
121000,952,0,952.0,192.0,0,98,8854,1916,2009
128000,757,567,672.0,240.0,0,0,6000,1936,2009
134900,786,390,698.0,624.0,210,0,6000,1937,2009
117000,884,464,884.0,216.0,0,0,6000,1925,2009
132500,825,587,780.0,280.0,45,0,6000,1939,2009
93000,822,320,468.0,320.0,0,0,6000,1924,2009
119000,904,0,884.0,180.0,0,0,6000,1926,2009
100000,1301,0,1145.0,440.0,0,0,6911,1924,2009
141500,1067,472,927.0,576.0,112,0,6120,1936,2009
133000,989,584,884.0,240.0,0,0,6120,1935,2009
60000,800,0,264.0,0.0,0,0,6120,1936,2009
105000,875,0,715.0,180.0,48,0,6120,1931,2009
150000,994,588,952.0,250.0,189,0,6120,1938,2009
126500,1072,0,1072.0,1184.0,0,0,8635,1925,2009
214500,1445,689,844.0,441.0,0,60,11888,1916,2009
167500,1136,883,728.0,532.0,509,135,11414,1910,2009
155000,1048,720,1048.0,576.0,0,0,8094,1915,2009
155000,916,910,910.0,164.0,0,0,2500,1915,2009
179900,1272,672,672.0,216.0,24,28,9928,1915,2009
149000,1146,784,720.0,316.0,0,0,6876,1927,2009
103000,848,0,780.0,539.0,0,23,6240,1925,2009
123000,741,686,483.0,379.0,0,24,5775,1915,2009
135000,1204,462,1204.0,384.0,0,0,5160,1927,2009
88750,704,0,560.0,220.0,0,0,4280,1946,2009
61000,904,0,683.0,0.0,0,0,10020,1922,2009
103600,697,672,672.0,300.0,147,0,6629,1925,2009
63000,687,425,585.0,226.0,0,0,9780,1934,2009
175000,1464,0,520.0,480.0,302,0,12886,1963,2009
139000,1121,0,1121.0,480.0,0,80,8816,1963,2009
172500,918,765,918.0,440.0,243,0,11184,1978,2009
130000,899,0,864.0,288.0,64,0,7800,1967,2009
149900,1034,0,456.0,504.0,0,0,8014,1978,2009
134900,858,0,858.0,576.0,120,0,7252,1982,2009
137000,860,0,840.0,528.0,0,0,8740,1982,2009
139000,1092,0,1092.0,288.0,0,20,11616,1962,2009
165000,904,611,552.0,384.0,290,40,15400,1961,2009
148000,1138,0,1138.0,480.0,0,0,15312,1960,2009
165000,2071,0,825.0,336.0,131,28,15584,1956,2009
63900,660,0,0.0,0.0,0,0,9000,1947,2009
161500,1104,684,1104.0,304.0,120,0,11250,1957,2009
135000,1229,0,1134.0,284.0,0,0,17140,1956,2009
82500,861,0,861.0,539.0,158,0,12342,1940,2009
190000,1867,0,1617.0,303.0,476,0,10708,1955,2009
139600,1733,0,0.0,452.0,0,0,13680,1955,2009
122000,1383,0,0.0,498.0,0,0,15635,1954,2009
127500,1689,0,1436.0,480.0,0,0,9855,1956,2009
121500,1073,0,1073.0,340.0,0,0,9571,1956,2009
154400,892,747,747.0,240.0,0,50,9350,1946,2009
113000,672,0,672.0,234.0,0,113,9340,1941,2009
125000,1089,0,1089.0,252.0,328,0,7440,1954,2009
84000,845,0,0.0,290.0,186,0,11500,1957,2009
131000,1148,568,768.0,281.0,0,0,11409,1949,2009
105000,698,560,560.0,280.0,0,0,9060,1939,2009
108000,755,755,755.0,296.0,120,0,9084,1940,2009
162000,1061,0,1054.0,462.0,114,36,10778,1990,2009
156500,1338,0,520.0,576.0,0,0,19255,1983,2009
316600,1496,636,1496.0,612.0,349,40,12327,1983,2009
271900,2196,0,2158.0,701.0,84,70,14684,1990,2009
213000,1006,769,740.0,425.0,234,72,9317,1993,2009
239900,1079,800,1079.0,473.0,400,100,10560,1993,2009
239500,1142,878,1128.0,466.0,0,155,9828,1995,2009
131000,1288,728,0.0,576.0,0,0,26400,1880,2009
297000,1718,0,1705.0,826.0,208,44,10637,2007,2009
295493,1630,0,1622.0,860.0,172,42,10226,2008,2009
332000,1720,0,1720.0,846.0,208,104,10816,2008,2009
239900,1468,0,1468.0,904.0,192,142,9178,2008,2009
212000,866,902,866.0,578.0,144,105,10769,2007,2009
272500,1838,0,1838.0,524.0,154,222,11422,2007,2009
239000,1800,0,1800.0,702.0,288,136,11923,2007,2009
200000,1290,0,1282.0,662.0,168,0,6762,2007,2009
221800,1254,0,1254.0,810.0,168,92,10324,2008,2009
194500,1232,0,1232.0,632.0,132,0,7314,2007,2009
237000,1498,0,1498.0,844.0,144,98,11645,2005,2009
173000,704,718,704.0,440.0,36,28,11646,2005,2009
275000,1644,0,1518.0,569.0,80,0,12800,1989,2009
233500,944,815,1449.0,525.0,150,193,16698,1992,2009
152000,1040,0,1040.0,576.0,168,0,12464,1996,2009
143000,990,0,990.0,440.0,66,0,9757,1994,2009
231500,928,836,928.0,470.0,276,99,15426,1997,2009
212000,827,834,799.0,550.0,158,61,10667,1996,2009
207000,1463,0,1463.0,539.0,0,81,14753,1998,2009
145000,1097,0,1097.0,672.0,392,64,10859,1994,2009
138000,990,0,990.0,480.0,0,64,8072,1994,2009
197900,866,913,866.0,546.0,198,36,10400,1998,2009
204000,1501,0,1490.0,577.0,144,29,10335,1999,2009
192000,1431,0,1431.0,666.0,0,35,9017,1999,2009
200000,928,844,928.0,492.0,150,96,8750,1998,2009
195000,831,829,831.0,493.0,144,68,8935,2002,2009
227000,1573,0,1573.0,544.0,0,72,9808,2002,2009
230000,944,896,944.0,622.0,0,45,12420,2001,2009
187100,1430,0,1413.0,605.0,0,33,16285,2001,2009
203000,1444,0,1431.0,577.0,144,40,10739,2002,2009
124000,1040,0,1040.0,0.0,0,0,8430,1978,2009
140000,907,0,907.0,343.0,72,0,16269,1978,2009
134900,914,0,914.0,444.0,0,0,6950,1979,2009
150500,1040,0,1040.0,484.0,0,0,8800,1977,2009
136500,864,0,864.0,336.0,0,0,7000,1978,2009
143500,1268,0,1268.0,252.0,173,0,9286,1977,2009
133500,864,0,864.0,338.0,0,0,15523,1972,2009
123000,894,0,894.0,600.0,215,0,7200,1972,2009
133900,768,0,768.0,396.0,192,0,7200,1972,2009
133000,768,0,768.0,396.0,58,0,8445,1972,2009
250000,1611,0,1569.0,1231.0,262,93,11664,2002,2009
254750,1068,1116,1068.0,570.0,192,132,12334,2003,2009
236500,1788,0,1753.0,522.0,202,151,11838,2001,2009
261500,1299,573,1299.0,531.0,160,122,11885,2001,2009
313000,1476,677,1440.0,736.0,253,142,11050,2000,2009
198500,840,885,840.0,550.0,0,48,8749,2002,2009
211000,944,926,944.0,608.0,256,43,11250,2001,2009
220000,1513,0,1462.0,521.0,135,34,15750,1999,2009
203000,1504,0,1504.0,478.0,115,66,11883,1996,2009
279500,1828,0,1822.0,523.0,194,144,12782,2002,2009
210000,1417,0,1417.0,511.0,60,0,8750,1997,2009
219500,1057,977,1057.0,645.0,576,36,9375,1997,2009
191000,909,807,880.0,512.0,0,120,8750,1996,2009
178000,1212,0,1212.0,573.0,356,0,9100,2001,2009
213000,1630,0,1630.0,451.0,74,234,9750,2000,2009
293200,1602,0,1578.0,810.0,0,48,10200,2007,2009
190000,864,864,864.0,572.0,187,56,9313,2004,2009
190000,1500,0,1500.0,570.0,192,36,8487,2004,2009
173500,738,738,738.0,540.0,100,35,8633,2005,2009
170000,608,788,608.0,440.0,100,36,11069,2007,2009
108000,1126,0,0.0,520.0,0,96,8777,1949,2009
167000,1486,0,1486.0,480.0,0,0,9937,1964,2009
100000,816,0,816.0,288.0,0,0,8877,1938,2009
198500,495,1427,0.0,672.0,0,0,7301,2003,2009
159500,698,728,690.0,440.0,252,0,7950,1977,2009
127000,1149,0,1014.0,544.0,0,240,10682,1960,2009
320000,1698,0,1698.0,768.0,327,64,13286,2007,2009
118000,698,0,698.0,0.0,0,200,9405,1947,2009
85000,876,0,876.0,320.0,0,0,6410,1959,2009
120000,1368,0,1078.0,195.0,0,41,11767,1950,2009
98000,1088,441,0.0,240.0,92,0,8405,1945,2009
99900,864,0,864.0,0.0,0,96,4060,1922,2009
82000,944,0,0.0,528.0,0,0,10206,1952,2009
103500,1560,0,1150.0,313.0,0,0,11767,1956,2009
110000,684,512,684.0,528.0,0,46,12354,1920,2009
122000,854,444,720.0,256.0,84,0,8212,1941,2009
117000,984,620,984.0,660.0,0,68,10998,1941,2009
60000,438,0,290.0,246.0,0,0,8400,1920,2009
139500,944,545,778.0,240.0,335,0,9900,1940,2009
197000,1687,998,824.0,672.0,136,63,15863,1920,2009
105000,647,595,583.0,180.0,329,96,5707,1935,2009
135000,1328,653,1122.0,576.0,431,44,7804,1928,2009
147500,1232,0,816.0,440.0,0,0,8574,1916,2009
137450,1160,448,976.0,216.0,147,16,6171,1925,2009
155000,575,560,560.0,576.0,256,0,7200,1936,2009
177000,1172,741,896.0,342.0,0,0,7558,1928,2009
145000,877,600,861.0,216.0,0,50,6292,1928,2009
137000,628,600,600.0,215.0,0,113,7155,1918,2009
234000,1276,804,1276.0,282.0,0,0,10918,1926,2009
205000,840,727,840.0,440.0,0,21,13680,1940,2009
177500,753,741,771.0,213.0,0,0,7500,1942,2009
160000,976,332,728.0,256.0,0,70,9600,1940,2009
155000,1273,0,1273.0,307.0,483,0,14680,1960,2009
163500,964,0,876.0,432.0,0,0,13360,1921,2009
154900,820,523,731.0,186.0,192,0,7681,1921,2009
174500,860,704,704.0,234.0,0,0,12000,1941,2009
193000,1561,0,1561.0,463.0,0,148,13339,1960,2009
158000,986,537,1067.0,295.0,0,0,15600,1949,2009
224000,1906,0,1310.0,576.0,0,201,17500,1954,2009
208000,1182,800,572.0,501.0,400,112,13607,1986,2009
315000,2365,0,1803.0,551.0,200,144,17597,1971,2009
222000,1680,0,880.0,540.0,292,44,21695,1988,2009
147000,672,672,672.0,468.0,0,128,10690,1920,2009
123000,928,928,760.0,576.0,467,160,8660,1900,2009
78000,596,596,596.0,189.0,0,0,6402,1920,2009
75000,572,0,572.0,200.0,0,0,10200,1925,2009
57625,810,0,0.0,280.0,119,24,21780,1910,2009
251000,1040,1012,1107.0,642.0,210,91,10125,2000,2009
240000,1710,0,1710.0,550.0,100,48,12118,2004,2009
215000,804,1157,804.0,560.0,125,192,12209,2001,2009
156450,926,0,902.0,351.0,319,0,9750,1977,2009
173000,1287,0,957.0,541.0,302,39,9360,1977,2009
173000,1217,0,1188.0,497.0,168,27,9947,1990,2009
375000,2036,0,2136.0,513.0,0,0,215245,1965,2009
315500,1620,0,1620.0,912.0,228,0,12898,2007,2009
410000,2036,0,2190.0,780.0,90,154,13438,2008,2009
316500,1641,0,1641.0,885.0,0,95,14463,2008,2009
201000,1466,0,1466.0,610.0,100,18,8925,2007,2009
175000,1412,0,1392.0,576.0,0,0,11457,1988,2009
204000,1375,862,712.0,440.0,305,24,9839,1980,2009
213500,1479,0,1645.0,578.0,224,238,14419,1987,2009
220000,1296,0,1267.0,471.0,192,25,6853,2001,2009
315000,1838,0,1838.0,765.0,270,68,14601,2006,2009
425000,1978,0,1978.0,920.0,308,52,12633,2007,2009
139500,1008,0,1008.0,384.0,144,0,12518,1968,2009
115000,1771,0,0.0,336.0,0,0,21750,1960,2009
130000,874,0,864.0,288.0,33,0,9858,1968,2009
160000,1404,0,1188.0,504.0,0,16,13383,1969,2009
131900,796,0,796.0,336.0,138,0,7689,1972,2009
131250,1091,0,384.0,429.0,280,0,7706,1993,2009
165500,1110,0,1097.0,602.0,303,30,9101,1978,2009
112000,833,0,833.0,0.0,0,0,8780,1985,2009
149000,883,0,828.0,698.0,100,32,7669,1992,2009
143000,796,566,796.0,480.0,40,30,14115,1993,2009
130000,624,663,624.0,440.0,150,0,10429,1992,2009
196000,1567,0,1567.0,714.0,264,32,9819,1977,2009
173000,784,848,784.0,898.0,0,173,10457,1969,2009
176500,1414,0,1184.0,601.0,0,51,11029,1958,2008
237500,2117,0,1205.0,550.0,0,42,12925,1970,2008
206900,1092,1020,952.0,576.0,280,0,11075,1969,2008
187500,926,678,926.0,470.0,0,36,8702,1997,2008
165000,680,790,680.0,420.0,192,49,8139,1995,2008
195500,926,678,926.0,472.0,100,82,9535,1998,2008
192000,943,695,943.0,472.0,100,38,9042,1998,2008
173000,916,720,916.0,386.0,168,84,15038,1996,2008
177900,1384,0,1348.0,404.0,0,39,14137,1996,2008
175000,729,717,729.0,406.0,264,22,21872,1996,2008
247900,1682,0,1664.0,528.0,0,0,6264,1997,2008
181000,926,678,926.0,470.0,0,36,10839,1997,2008
188000,773,885,773.0,431.0,224,84,8000,1995,2008
194500,1086,809,712.0,409.0,143,46,10832,1994,2008
185000,851,858,836.0,416.0,0,40,14067,1991,2008
355000,1168,1332,1168.0,683.0,192,32,13543,2005,2008
325000,1134,1370,1122.0,656.0,144,39,11198,2005,2008
387000,1884,0,1884.0,670.0,214,76,15401,2004,2008
115000,1474,0,1632.0,495.0,0,0,31220,1952,2008
215000,1236,857,791.0,542.0,364,63,20544,1986,2008
226500,1688,0,1675.0,528.0,0,48,12680,1988,2008
175500,1422,0,1422.0,576.0,276,0,12090,1981,2008
181900,1260,0,1260.0,598.0,152,0,10825,1983,2008
235000,2064,0,2048.0,550.0,200,0,18559,1978,2008
220000,1782,0,1782.0,551.0,467,0,14450,1979,2008
272000,1542,1330,1330.0,619.0,550,282,12227,1977,2008
161000,1211,0,1211.0,461.0,0,0,13068,1976,2008
185000,1277,767,738.0,489.0,28,73,10400,1980,2008
146900,720,588,720.0,484.0,0,0,9743,1969,2008
292500,1420,1420,1420.0,1314.0,0,16,12511,1978,2008
159900,1444,0,1444.0,473.0,0,24,10400,1976,2008
205000,1098,866,803.0,483.0,0,69,10480,1976,2008
157000,1178,0,1176.0,439.0,224,0,10000,1973,2008
306000,1236,1104,1236.0,787.0,192,180,14311,1996,2008
151000,1054,0,1054.0,460.0,180,0,9750,1969,2008
111900,936,0,936.0,288.0,16,0,10295,1969,2008
123000,864,0,864.0,576.0,0,0,7560,1971,2008
111250,864,0,864.0,576.0,216,0,12735,1972,2008
110000,892,0,864.0,264.0,0,0,9477,1966,2008
417500,2464,0,2418.0,650.0,358,78,13693,2007,2008
383000,1950,0,1950.0,706.0,156,207,14418,2007,2008
460000,1632,1158,1620.0,1150.0,30,200,12539,2005,2008
379000,1414,917,1414.0,1003.0,192,63,12151,2005,2008
250000,948,1140,948.0,656.0,100,24,8899,2007,2008
316000,1170,1162,1148.0,756.0,224,142,10574,2004,2008
615000,2470,0,2535.0,789.0,154,65,12720,2003,2008
412500,1572,1096,1572.0,726.0,400,0,13688,2003,2008
284000,1006,1040,998.0,871.0,320,62,10625,2003,2008
284000,1575,0,1603.0,732.0,216,28,10845,2003,2008
421250,1515,1134,1479.0,746.0,0,60,16900,2001,2008
370000,1804,886,1765.0,795.0,268,58,16451,2003,2008
159895,1266,0,1266.0,388.0,100,16,3182,2007,2008
179000,813,702,789.0,393.0,0,75,9024,2004,2008
193000,864,729,839.0,398.0,100,75,7415,2004,2008
190000,1166,0,856.0,400.0,212,0,9587,2005,2008
176000,728,728,728.0,400.0,100,24,8029,2005,2008
188000,840,880,840.0,400.0,138,48,8010,2002,2008
213000,847,1139,847.0,434.0,120,48,8396,2003,2008
186500,962,830,936.0,451.0,0,0,10261,2000,2008
226750,1008,884,982.0,431.0,108,0,8220,2000,2008
184000,788,702,788.0,388.0,100,75,15384,2004,2008
176000,707,707,707.0,403.0,100,35,7750,2002,2008
225000,1037,1285,1037.0,400.0,144,44,12460,1999,2008
185900,873,778,831.0,450.0,0,103,8390,1999,2008
284500,1182,1017,1173.0,516.0,0,131,9660,1997,2008
315000,1470,1160,1470.0,696.0,0,66,9200,1998,2008
250000,1145,1053,1145.0,836.0,192,84,14260,2000,2008
291000,1533,639,1519.0,687.0,162,153,11000,2000,2008
350000,2006,0,1982.0,938.0,144,33,11675,1998,2008
279500,1064,1061,1064.0,576.0,168,0,10990,1996,2008
290000,1251,1250,1242.0,751.0,192,87,11929,1995,2008
350000,2113,0,2109.0,839.0,236,46,10437,1995,2008
341000,1325,1093,1311.0,983.0,250,154,10542,1993,2008
287500,1108,1089,1080.0,783.0,385,99,10010,1993,2008
271000,1223,904,1223.0,525.0,171,132,10944,1994,2008
301500,1987,0,1986.0,691.0,262,36,14303,1994,2008
214000,894,1039,894.0,668.0,100,18,14598,2007,2008
232000,1574,0,1574.0,824.0,144,104,11957,2006,2008
240000,1578,0,1578.0,642.0,0,26,13253,2006,2008
245000,1563,0,1563.0,758.0,144,99,10206,2007,2008
257000,1341,520,1341.0,851.0,144,60,9801,2007,2008
247000,1460,0,1460.0,480.0,0,20,10037,2006,2008
226700,866,902,866.0,603.0,0,108,9803,2005,2008
250000,1053,939,1053.0,648.0,140,45,9375,2003,2008
250000,1026,932,1026.0,936.0,154,210,10625,2005,2008
205950,822,843,813.0,562.0,0,0,8125,2007,2008
256000,1660,0,1660.0,660.0,133,120,10625,2007,2008
207500,864,864,864.0,673.0,216,56,8791,2003,2008
141000,1080,0,1080.0,0.0,0,0,7500,2004,2008
188000,835,861,835.0,542.0,143,66,10110,2003,2008
192500,835,828,835.0,478.0,168,68,12774,2003,2008
146000,1175,0,1175.0,0.0,0,90,13072,2005,2008
159000,1114,0,1114.0,576.0,0,102,13695,2004,2008
155000,1114,0,1114.0,576.0,0,78,13695,2003,2008
173000,798,842,798.0,520.0,138,45,8366,2004,2008
170000,1162,0,1162.0,483.0,0,32,9260,2007,2008
182000,754,855,754.0,525.0,0,70,8453,1995,2008
163000,886,794,886.0,474.0,144,96,8480,1993,2008
193500,1679,0,1408.0,575.0,224,42,8125,1994,2008
189000,832,825,832.0,483.0,144,74,14565,1994,2008
190500,827,850,827.0,627.0,0,68,8450,2001,2008
175000,844,893,836.0,506.0,192,85,8285,1992,2008
179200,1294,0,1278.0,496.0,112,51,7153,1991,2008
187000,832,878,832.0,506.0,144,70,9291,1993,2008
128000,984,0,984.0,384.0,145,56,9100,1963,2008
144000,912,0,912.0,352.0,140,0,12968,1962,2008
135000,864,0,864.0,420.0,132,0,8100,1961,2008
142000,912,0,912.0,288.0,168,0,6768,1961,2008
192000,1430,0,1430.0,484.0,117,108,19508,1974,2008
140000,1001,640,1001.0,490.0,0,0,10759,1972,2008
290000,1364,1319,930.0,473.0,237,251,9205,1990,2008
372500,1827,959,1848.0,636.0,294,49,11025,1993,2008
223000,872,917,858.0,546.0,0,0,10646,2001,2008
162500,1232,0,1232.0,516.0,0,0,11120,1984,2008
290000,1671,0,1426.0,550.0,280,90,16280,1976,2008
205000,952,860,952.0,469.0,144,112,7500,2002,2008
174000,1682,0,1304.0,530.0,98,0,10400,1970,2008
183000,1427,0,1427.0,516.0,0,0,11104,1969,2008
215000,1620,0,1620.0,578.0,0,62,15387,1967,2008
240000,1548,1066,1522.0,624.0,38,243,10800,1974,2008
141000,732,732,732.0,470.0,0,40,8814,1968,2008
147000,912,0,912.0,576.0,0,240,8872,1965,2008
135000,925,0,912.0,576.0,233,0,8125,1965,2008
170000,845,825,825.0,464.0,0,0,13355,1971,2008
299800,1175,1540,1142.0,831.0,0,204,8963,1976,2008
185000,943,933,901.0,540.0,0,69,9120,1974,2008
173000,800,832,800.0,484.0,0,40,9130,1966,2008
178400,999,0,944.0,588.0,144,76,12122,1961,2008
176000,1098,880,832.0,486.0,0,43,9900,1968,2008
98000,1014,0,0.0,267.0,0,0,7785,1956,2008
109008,907,0,907.0,352.0,0,0,8593,1957,2008
135750,952,0,952.0,283.0,0,0,8475,1956,2008
155000,1128,0,1120.0,525.0,192,20,8700,1963,2008
180500,1425,0,1425.0,576.0,0,0,10175,1964,2008
174900,1165,0,1127.0,490.0,0,129,9020,1966,2008
140000,1136,0,1136.0,384.0,426,0,9200,1965,2008
145000,1092,0,1092.0,504.0,0,0,8250,1964,2008
179900,1265,0,1219.0,502.0,0,92,9350,1965,2008
168500,1350,0,1248.0,520.0,176,0,9020,1964,2008
145500,1053,0,1053.0,312.0,0,0,10007,1959,2008
142000,1252,0,1252.0,528.0,0,39,10721,1959,2008
141000,1100,0,1100.0,312.0,355,0,12493,1960,2008
153000,1118,0,1118.0,264.0,290,0,11332,1960,2008
72500,720,0,0.0,287.0,0,0,6627,1949,2008
52000,729,0,270.0,0.0,0,0,4130,1935,2008
87000,453,453,348.0,231.0,0,0,4882,1937,2008
141500,1496,0,1296.0,450.0,0,22,9600,1960,2008
141500,1337,0,572.0,264.0,0,192,9600,1950,2008
165500,1661,0,992.0,377.0,0,28,9600,1955,2008
112900,1036,0,1036.0,312.0,120,24,7584,1953,2008
201800,902,918,864.0,492.0,60,84,13700,1965,2008
163000,1362,0,1362.0,504.0,0,20,10197,1961,2008
139950,1144,0,1144.0,456.0,0,0,7875,1961,2008
165000,1431,0,1099.0,296.0,64,110,9150,1962,2008
227000,1104,884,1104.0,480.0,0,230,14670,1966,2008
135000,1098,0,1098.0,260.0,0,0,7390,1955,2008
124000,1144,0,1144.0,336.0,0,88,9204,1963,2008
140000,1283,0,931.0,506.0,0,0,7763,1962,2008
136500,1176,0,1176.0,292.0,0,88,8856,1957,2008
185000,1440,0,1248.0,480.0,150,0,9840,1959,2008
163000,1261,0,1261.0,433.0,0,0,9120,1958,2008
166800,1570,0,1395.0,441.0,490,0,13200,1958,2008
139000,1196,0,1196.0,297.0,0,44,9000,1956,2008
166000,1392,0,1392.0,458.0,0,0,11900,1957,2008
136000,1080,0,1080.0,288.0,0,0,9464,1958,2008
133000,1104,0,1104.0,384.0,0,0,10425,1956,2008
116000,882,0,720.0,240.0,0,0,11556,1952,2008
137500,1152,0,1152.0,636.0,0,0,9373,1953,2008
130000,950,0,984.0,400.0,0,32,12774,1953,2008
180000,1790,0,998.0,540.0,0,40,14250,1957,2008
100000,1764,0,0.0,301.0,0,72,8838,1957,2008
89900,869,0,0.0,390.0,0,0,10122,1948,2008
114000,747,412,747.0,288.0,84,0,7506,1925,2008
140000,1048,510,913.0,288.0,0,0,10930,1945,2008
86900,672,0,672.0,308.0,88,108,5400,1940,2008
139000,1254,182,892.0,1488.0,0,0,10836,1922,2008
171000,858,858,858.0,490.0,0,84,9247,1962,2008
139000,1044,0,912.0,372.0,200,48,10180,1968,2008
186000,1312,0,1312.0,495.0,0,304,11355,1958,2008
157000,1253,0,1253.0,352.0,0,213,10920,1960,2008
148000,1081,0,1081.0,401.0,36,82,12929,1960,2008
242000,2069,0,585.0,505.0,0,0,27650,1960,2008
116000,910,0,105.0,414.0,196,0,8892,1953,2008
98300,1048,0,0.0,420.0,0,27,7200,1950,2008
127000,1507,0,1075.0,404.0,0,0,7910,1960,2008
159000,1256,0,1256.0,311.0,0,240,8000,1959,2008
125900,1027,0,1027.0,299.0,0,0,8000,1962,2008
155000,1269,0,1269.0,308.0,0,0,7931,1960,2008
138000,819,501,768.0,576.0,108,0,8064,1948,2008
112500,984,0,936.0,280.0,0,0,6390,1954,2008
105500,832,0,832.0,528.0,0,0,7227,1954,2008
127500,854,424,854.0,240.0,0,0,7200,1954,2008
150000,1024,564,768.0,480.0,0,0,7200,1955,2008
109500,825,0,825.0,350.0,0,0,7200,1954,2008
140000,983,813,780.0,483.0,0,50,7056,1963,2008
167900,798,813,780.0,442.0,328,128,9760,1964,2008
136870,1117,0,1117.0,264.0,0,0,7590,1963,2008
73000,764,0,680.0,504.0,0,0,5232,1925,2008
157500,958,581,650.0,686.0,70,78,10440,1904,2008
122600,948,375,780.0,400.0,0,0,9184,1948,2008
111000,680,680,680.0,330.0,192,50,4800,1910,2008
256000,1584,1208,1510.0,520.0,0,547,10440,1920,2008
64000,672,0,672.0,256.0,0,0,4800,1940,2008
139500,728,728,728.0,308.0,0,0,6000,1915,2008
200000,1362,720,1362.0,484.0,280,238,11426,2003,2008
119164,1095,561,801.0,440.0,187,0,7628,1940,2008
122250,960,780,936.0,225.0,0,0,7308,1920,2008
120000,1027,0,931.0,0.0,0,28,5400,1920,2008
78000,899,0,481.0,200.0,0,0,6756,1910,2008
95000,684,396,684.0,0.0,0,165,5914,1890,2008
147000,1122,0,924.0,528.0,0,36,12000,1948,2008
140000,904,595,904.0,869.0,0,20,9000,1946,2008
112500,928,0,928.0,288.0,0,0,6000,1957,2008
107900,901,0,901.0,281.0,0,0,6000,1954,2008
295000,1675,1818,1470.0,870.0,302,0,18386,1880,2008
153900,876,540,876.0,720.0,418,0,12665,1915,2008
132000,730,720,624.0,288.0,0,192,5350,1920,2008
114000,709,308,346.0,308.0,0,0,9143,1900,2008
129500,1134,924,735.0,396.0,0,0,9600,1917,2008
129400,884,656,572.0,0.0,240,77,6000,1905,2008
161000,689,689,689.0,360.0,0,0,9600,1928,2008
128000,742,742,742.0,0.0,0,291,6300,1914,2008
122000,938,1215,684.0,0.0,0,54,5250,1872,2008
116900,572,539,572.0,288.0,0,0,5700,1926,2008
325000,1521,1254,1237.0,880.0,105,502,13500,1893,2008
55000,723,363,723.0,400.0,0,24,11340,1920,2008
184000,1313,1182,1313.0,342.0,0,299,10800,1890,2008
110000,984,0,984.0,308.0,0,0,9750,1959,2008
131500,1050,745,1050.0,352.0,0,0,12150,1954,2008
97000,882,0,0.0,308.0,0,45,12702,1956,2008
115500,1093,0,869.0,308.0,0,0,8516,1958,2008
138000,1143,0,1008.0,288.0,265,0,7111,1928,2008
79500,779,0,742.0,308.0,0,0,9100,1930,2008
153000,1144,594,1024.0,240.0,0,30,7010,1935,2008
109500,784,0,784.0,0.0,0,0,6130,1924,2008
124000,832,378,672.0,240.0,0,0,5000,1941,2008
106900,736,554,554.0,200.0,38,112,5870,1900,2008
164900,1014,658,981.0,240.0,0,11,6000,1940,2008
119000,949,0,949.0,370.0,0,0,6000,1924,2008
120000,950,208,862.0,208.0,0,0,6000,1929,2008
157000,825,672,825.0,672.0,272,0,6000,1937,2008
105000,874,468,739.0,240.0,0,0,6000,1939,2008
113000,1013,0,992.0,160.0,0,0,5000,1926,2008
115000,565,651,565.0,355.0,0,0,5520,1920,2008
123000,624,512,704.0,336.0,0,365,6240,1929,2008
81300,808,0,0.0,164.0,0,48,6120,1945,2008
162900,1128,445,1078.0,360.0,0,0,6240,1930,2008
150000,1245,764,989.0,400.0,0,20,6240,1939,2008
123500,1226,676,1100.0,576.0,0,139,6120,1923,2008
128000,751,611,611.0,502.0,0,0,6155,1920,2008
68500,520,0,520.0,240.0,49,0,6324,1927,2008
127000,1072,213,672.0,240.0,0,0,8635,1948,2008
207000,1053,795,833.0,370.0,0,0,13053,1923,2008
184000,1133,687,1026.0,240.0,0,100,9120,1925,2008
162500,1170,546,810.0,672.0,0,195,9144,1915,2008
145000,988,517,883.0,240.0,0,0,9144,1940,2008
130000,838,0,816.0,275.0,0,0,10267,1918,2008
161000,833,833,588.0,228.0,192,63,5100,1925,2008
127500,825,784,796.0,228.0,0,182,4347,1910,2008
93850,768,0,768.0,440.0,0,0,6291,1930,2008
141000,1272,0,1272.0,400.0,0,34,6876,1938,2008
120000,880,428,880.0,400.0,0,0,10320,1915,2008
127500,1040,0,1040.0,320.0,0,132,7200,1925,2008
89500,1035,371,319.0,0.0,0,144,7920,1920,2008
125000,825,0,825.0,720.0,140,50,8235,1955,2008
135000,756,713,756.0,216.0,57,0,10320,1906,2008
134000,1211,0,952.0,322.0,0,63,8250,1968,2008
135000,720,551,720.0,312.0,0,0,21286,1948,2008
134432,1120,468,0.0,680.0,0,59,17120,1959,2008
129500,1040,0,1040.0,384.0,0,0,11200,1965,2008
157500,1096,0,1008.0,484.0,168,0,13014,1978,2008
145000,992,0,992.0,294.0,204,0,10265,1967,2008
130000,894,0,894.0,450.0,0,0,9764,1967,2008
153000,1034,0,450.0,504.0,311,0,7703,1978,2008
120000,1073,0,1073.0,270.0,0,90,9981,1967,2008
152000,1126,0,1060.0,506.0,178,0,7400,1984,2008
80000,1006,0,1006.0,0.0,0,24,9000,1959,2008
149350,1228,0,1228.0,271.0,0,65,8544,1966,2008
144900,960,0,960.0,300.0,168,0,9239,1963,2008
185000,1188,0,988.0,621.0,102,89,14175,1956,2008
165000,1383,0,1383.0,354.0,511,116,13284,1954,2008
235000,1252,0,1602.0,564.0,409,0,13500,1960,2008
140000,1021,580,533.0,300.0,280,34,13825,1958,2008
108000,672,0,672.0,240.0,168,0,10200,1940,2008
152400,864,486,576.0,627.0,0,0,8375,1941,2008
144000,904,0,864.0,912.0,143,0,10200,1970,2008
173000,1291,0,1291.0,431.0,307,0,2887,1996,2008
192000,1156,866,1160.0,505.0,288,117,10005,1977,2008
245000,1524,0,1524.0,478.0,140,0,20270,1979,2008
241500,1363,0,1385.0,439.0,81,0,39104,1954,2008
256000,1663,0,1364.0,529.0,224,137,53227,1954,2008
177000,1357,0,1019.0,312.0,0,0,11512,1959,2008
125600,617,462,570.0,249.0,135,0,5190,1948,2008
155000,1094,0,1094.0,495.0,0,0,10452,1953,2008
240000,1307,1051,907.0,360.0,486,40,45600,1908,2008
260000,1518,0,1580.0,0.0,0,39,19550,1940,2008
185000,1163,511,1163.0,396.0,72,36,21780,1918,2008
235000,1236,872,1127.0,540.0,0,0,13728,1935,2008
159900,1509,0,1509.0,322.0,158,0,9571,1956,2008
134500,621,648,621.0,280.0,0,236,9360,1962,2008
119000,961,406,861.0,384.0,0,130,8405,1900,2008
79000,572,524,572.0,0.0,0,8,9600,1924,2008
95000,616,495,616.0,200.0,48,0,9084,1941,2008
262280,1532,797,1475.0,514.0,192,121,11839,1990,2008
260000,1093,1721,1077.0,614.0,48,32,9771,1995,2008
226500,1626,0,1602.0,534.0,424,40,9938,1994,2008
225000,1101,1099,812.0,453.0,168,98,14171,1993,2008
229000,1302,735,672.0,472.0,100,33,10541,1996,2008
248500,1615,0,1615.0,864.0,168,30,9345,2007,2008
228000,1080,1017,1080.0,678.0,196,187,11228,1993,2008
225000,1511,0,1401.0,811.0,168,42,11454,1995,2008
195000,1643,0,1182.0,438.0,339,0,11500,1966,2008
200000,616,1072,616.0,603.0,403,114,12798,1997,2008
155000,990,0,990.0,528.0,168,0,9750,1994,2008
144000,1099,0,1099.0,352.0,278,0,9525,1995,2008
145000,990,0,990.0,672.0,0,0,9245,1994,2008
226001,1418,0,1418.0,558.0,208,110,8696,1997,2008
215700,872,899,864.0,600.0,0,96,13142,1997,2008
207500,782,870,782.0,532.0,0,70,8998,2000,2008
188000,880,844,880.0,527.0,120,155,8924,1998,2008
191000,1479,0,1468.0,577.0,120,25,9382,1999,2008
221000,1494,0,1494.0,530.0,192,36,12803,2002,2008
231500,963,829,963.0,564.0,0,96,12435,2001,2008
235000,928,895,928.0,626.0,192,36,12192,2000,2008
223500,920,866,920.0,608.0,0,42,11250,2001,2008
130250,938,0,938.0,308.0,145,0,9200,1975,2008
149900,985,0,985.0,328.0,210,0,8385,1977,2008
158000,1174,0,864.0,528.0,211,0,12250,1978,2008
147000,1026,0,940.0,576.0,0,0,10970,1978,2008
163000,1558,0,864.0,440.0,140,0,14330,1975,2008
110000,924,0,924.0,280.0,0,0,7990,1975,2008
127000,864,0,864.0,352.0,0,0,7180,1972,2008
124900,780,0,780.0,352.0,196,0,7200,1972,2008
230000,1795,0,1777.0,534.0,171,159,9742,2002,2008
237000,1128,903,1128.0,577.0,0,211,9473,2002,2008
235000,992,873,992.0,839.0,0,184,10316,2000,2008
230500,1290,871,1257.0,570.0,0,84,10400,2001,2008
230000,1004,848,1004.0,660.0,224,106,9066,1999,2008
222500,1153,878,1153.0,541.0,192,84,11404,1998,2008
287000,1055,1208,1055.0,905.0,0,45,9240,2001,2008
274000,1366,581,1357.0,725.0,168,116,9720,2001,2008
300000,1786,0,1778.0,715.0,182,35,14860,2002,2008
255900,1149,1141,1128.0,779.0,0,0,11250,2002,2008
224900,884,884,884.0,543.0,0,63,8158,2003,2008
240000,1129,1198,1129.0,596.0,0,57,10905,2003,2008
183000,798,842,798.0,595.0,0,45,7226,2003,2008
207000,886,878,850.0,560.0,120,29,11690,1999,2008
210000,933,975,915.0,493.0,144,133,8750,1994,2008
208900,1493,0,1478.0,508.0,140,39,13125,1997,2008
214000,1536,0,1536.0,532.0,192,74,9135,2002,2008
208500,856,854,856.0,548.0,0,61,8450,2003,2008
186500,1445,0,1445.0,470.0,0,35,9750,2004,2008
210000,1436,0,1436.0,484.0,139,98,8450,2004,2008
185900,770,812,770.0,520.0,0,45,8320,2004,2008
179900,1234,0,1234.0,484.0,0,30,11049,2007,2008
218836,1564,0,1564.0,814.0,0,24,11058,2007,2008
193000,1361,0,1351.0,610.0,0,50,9627,2007,2008
189000,728,728,728.0,410.0,36,18,8199,2005,2008
85000,796,0,796.0,0.0,328,0,8777,1910,2008
147500,1256,0,1256.0,276.0,736,68,9937,1965,2008
135000,1127,0,1127.0,480.0,0,0,6500,1976,2008
108000,996,0,996.0,0.0,144,0,13907,1940,2008
137500,1181,0,1138.0,588.0,0,0,10012,1972,2008
165400,760,896,746.0,397.0,178,128,6931,2003,2008
147000,1117,0,1029.0,542.0,292,0,9638,1977,2008
160500,684,714,684.0,440.0,0,0,7200,1976,2008
176000,1132,0,1132.0,451.0,252,64,7024,2005,2008
284700,3820,0,0.0,624.0,0,372,47007,1959,2008
96000,929,208,0.0,0.0,0,0,8050,1947,2008
99000,930,0,911.0,286.0,134,0,9520,1953,2008
130500,768,432,768.0,240.0,0,0,11767,1946,2008
135000,997,473,941.0,548.0,0,0,8172,1954,2008
135500,872,521,816.0,300.0,121,0,16466,1955,2008
108000,949,343,949.0,205.0,0,0,5142,1923,2008
98000,864,0,864.0,0.0,0,0,5604,1925,2008
67000,864,0,864.0,0.0,0,0,8248,1914,2008
140000,810,672,672.0,400.0,0,0,12155,1925,2008
179500,1052,720,720.0,240.0,262,24,8400,1939,2008
136500,1390,304,1181.0,576.0,342,0,8400,1925,2008
168000,1424,0,1228.0,312.0,0,0,7290,1921,2008
189000,990,1611,612.0,621.0,183,0,9842,1921,2008
145000,672,644,644.0,369.0,0,0,8969,1926,2008
191000,1423,748,588.0,672.0,431,0,11526,1922,2008
177000,840,840,840.0,308.0,0,0,15576,1915,2008
147500,676,588,676.0,400.0,424,0,15564,1914,2008
91000,790,0,768.0,160.0,0,141,6292,1930,2008
231000,798,714,798.0,180.0,85,16,7609,1925,2008
115000,1166,0,1064.0,240.0,0,0,10480,1936,2008
138000,819,784,784.0,599.0,0,217,9650,1923,2008
149000,851,651,776.0,270.0,0,0,7200,1931,2008
188700,849,811,715.0,240.0,0,0,11988,1934,2008
198000,1265,673,942.0,240.0,0,40,11700,1937,2008
110000,932,442,884.0,225.0,64,0,9260,1938,2008
104000,1091,0,1091.0,344.0,66,105,7801,1951,2008
381000,1968,1479,728.0,1014.0,314,12,14100,1935,2008
311500,1137,817,798.0,431.0,0,119,15660,1939,2008
263400,1218,943,832.0,506.0,0,96,12392,1950,2008
236500,1898,0,1898.0,484.0,0,51,26073,1956,2008
224000,1640,0,1296.0,924.0,108,0,14778,1954,2008
126000,919,0,894.0,195.0,0,0,7000,1926,2008
120000,760,330,720.0,240.0,0,0,6000,1940,2008
55000,796,0,796.0,0.0,0,0,3636,1922,2008
120500,816,0,816.0,432.0,0,0,5890,1930,2008
120500,778,0,740.0,924.0,0,25,6900,1940,2008
119000,780,420,780.0,0.0,0,0,8155,1930,2008
126000,1092,564,624.0,288.0,0,180,6000,1967,2008
99500,912,0,520.0,360.0,0,90,7392,1930,2008
165500,1151,804,1151.0,356.0,0,0,9000,1958,2008
89000,825,536,173.0,185.0,0,123,5280,1895,2008
40000,649,668,649.0,250.0,0,54,8500,1920,2008
80900,671,378,356.0,195.0,0,0,5150,1910,2008
81000,894,0,894.0,1248.0,0,20,18000,1935,2008
65000,432,432,592.0,216.0,0,30,9000,1920,2008
300000,2032,0,1840.0,786.0,0,46,23730,1996,2008
271000,1689,0,1568.0,857.0,150,59,13265,2002,2008
213000,910,910,910.0,816.0,318,32,11050,1996,2008
171000,1118,0,1096.0,358.0,203,0,9880,1977,2008
171500,1279,0,1196.0,473.0,238,83,10125,1977,2008
228500,1689,0,1680.0,432.0,428,120,9990,1991,2008
294000,1537,0,1518.0,788.0,0,26,11563,2006,2008
172500,712,730,352.0,400.0,100,0,9802,2006,2008
167500,754,640,384.0,400.0,100,0,9735,2006,2008
150000,1495,0,1495.0,438.0,252,0,12890,1989,2008
184000,1651,0,1606.0,616.0,192,0,12416,1986,2008
180000,1256,0,1256.0,578.0,282,0,18265,1986,2008
232500,1440,0,1432.0,467.0,185,95,11202,2003,2008
195000,1675,0,1666.0,435.0,165,52,7915,1999,2008
305000,1482,780,1482.0,749.0,168,0,12244,2003,2008
298751,1728,0,1884.0,520.0,0,276,11449,2007,2008
370000,1964,0,1964.0,892.0,0,265,11447,2005,2008
173000,1200,0,1200.0,850.0,0,119,14137,1964,2008
152500,1160,0,1113.0,257.0,81,0,17979,1968,2008
113000,988,0,988.0,520.0,0,0,21750,1954,2008
128500,816,0,816.0,264.0,315,0,6490,1983,2008
119500,923,0,876.0,264.0,362,0,6951,1984,2008
130500,816,0,816.0,264.0,0,0,6600,1982,2008
138000,816,0,816.0,816.0,0,0,6600,1982,2008
134500,845,0,845.0,264.0,0,0,6600,1982,2008
160000,983,767,983.0,423.0,245,0,12508,1940,2008
137500,889,0,864.0,484.0,0,0,12395,1984,2008
172000,1168,800,784.0,530.0,305,189,11075,1969,2008
103000,1150,686,686.0,288.0,0,0,56600,1900,2008
167300,1587,0,1587.0,525.0,0,44,10667,1971,2007
167000,1277,0,1277.0,526.0,0,0,10628,1970,2007
244000,2223,0,2223.0,516.0,300,0,13651,1973,2007
268000,2217,0,2217.0,621.0,81,207,15865,1970,2007
168000,806,766,806.0,373.0,0,40,10364,1995,2007
177000,794,676,794.0,388.0,0,75,13869,1997,2007
169000,916,684,916.0,460.0,100,38,8773,1997,2007
161500,754,630,384.0,390.0,0,0,8872,1997,2007
160000,924,770,392.0,398.0,256,64,10147,1994,2007
178750,691,862,691.0,420.0,0,44,7875,1996,2007
176000,1253,0,1237.0,402.0,220,21,7875,1995,2007
204000,957,1342,938.0,482.0,188,30,7500,1999,2007
160000,1187,0,1168.0,420.0,0,21,9556,1992,2007
160000,802,670,384.0,402.0,164,0,10784,1991,2007
163900,812,670,384.0,392.0,100,25,9125,1992,2007
168000,910,732,903.0,392.0,290,84,7655,1993,2007
377426,1922,0,1922.0,676.0,178,51,14157,2005,2007
349265,1164,1377,1149.0,729.0,120,32,12328,2005,2007
441929,2234,0,2220.0,724.0,390,80,14082,2006,2007
182900,1440,0,1440.0,467.0,0,0,12546,1981,2007
176000,725,754,725.0,484.0,167,72,12090,1981,2007
213000,1664,0,1529.0,663.0,0,0,12299,1978,2007
192000,1085,845,780.0,481.0,192,72,11339,1979,2007
190000,1161,808,808.0,534.0,0,0,11952,1977,2007
195000,1118,912,848.0,551.0,0,224,12046,1976,2007
148000,1032,0,1032.0,564.0,0,0,10395,1978,2007
151500,1177,0,1153.0,495.0,204,103,11850,1984,2007
197000,1040,685,539.0,550.0,0,88,11584,1979,2007
192350,1353,0,1259.0,478.0,240,141,10400,1979,2007
152000,780,840,780.0,462.0,208,0,10793,1969,2007
170000,1220,0,1625.0,944.0,0,0,13001,1971,2007
175000,1484,0,1484.0,487.0,224,0,12243,1971,2007
175000,1041,702,702.0,539.0,224,0,11700,1968,2007
197900,1142,793,793.0,550.0,0,113,12384,1976,2007
174000,1324,0,1228.0,585.0,407,36,8991,1976,2007
178900,1084,793,1084.0,488.0,0,96,8000,1974,2007
139000,576,533,372.0,288.0,35,0,10500,1971,2007
143250,981,0,981.0,576.0,0,312,10530,1971,2007
184000,725,754,725.0,484.0,0,32,7472,1972,2007
155000,1422,0,925.0,576.0,252,0,9457,1970,2007
133000,914,0,914.0,368.0,120,0,7920,1970,2007
119500,950,0,950.0,280.0,0,0,9758,1971,2007
123000,872,0,858.0,480.0,0,0,8294,1971,2007
110000,858,0,858.0,684.0,0,0,7340,1971,2007
128000,914,0,914.0,270.0,140,0,17199,1961,2007
120500,864,0,864.0,528.0,0,0,9000,1971,2007
129250,988,0,988.0,360.0,0,0,7150,1966,2007
450000,2046,0,1994.0,878.0,188,65,15431,2005,2007
380000,2069,574,2153.0,694.0,414,84,13693,2006,2007
250000,1634,0,1626.0,866.0,0,44,11428,2006,2007
418000,1722,1036,1704.0,814.0,282,55,13654,2005,2007
317000,1143,1330,1143.0,852.0,192,151,9591,2004,2007
372000,1802,0,1802.0,843.0,158,105,13615,2006,2007
342000,1718,1238,1706.0,916.0,194,50,13069,2004,2007
354000,1136,1332,1136.0,872.0,184,154,12099,2004,2007
350000,1217,1168,1317.0,818.0,192,228,14277,2003,2007
285000,1234,1140,1181.0,656.0,104,100,11999,2003,2007
245700,1614,0,1614.0,878.0,100,38,9926,2005,2007
232698,1721,0,1721.0,554.0,168,27,9254,2005,2007
176000,768,768,768.0,400.0,100,38,10237,2005,2007
203000,1326,0,1326.0,388.0,120,23,12216,2005,2007
188500,1119,0,835.0,437.0,100,24,16219,2004,2007
215000,847,1112,847.0,434.0,100,48,11796,2004,2007
183500,840,880,840.0,440.0,100,48,8244,2004,2007
165500,754,640,384.0,400.0,100,0,11950,2003,2007
211000,847,1101,847.0,434.0,0,48,7875,2003,2007
219500,864,1131,854.0,435.0,264,48,8740,2002,2007
175000,953,694,953.0,460.0,0,40,7917,1999,2007
170000,774,656,384.0,400.0,100,0,9967,2000,2007
162000,660,660,660.0,400.0,0,48,7750,2003,2007
187000,940,750,915.0,442.0,0,50,9487,2000,2007
185000,961,683,941.0,460.0,460,42,9649,1999,2007
384500,1779,772,1779.0,925.0,76,61,12191,1997,2007
248000,997,1288,969.0,648.0,0,56,11000,2000,2007
466500,2633,0,2633.0,804.0,314,140,11400,2001,2007
410000,1671,1407,1408.0,806.0,108,87,10557,1998,2007
322500,1411,1171,1389.0,758.0,286,60,11002,1998,2007
252000,1108,1277,1066.0,600.0,120,38,10790,1998,2007
755000,2444,1872,2444.0,832.0,382,50,21535,1994,2007
269790,1127,886,1117.0,455.0,180,130,9920,1996,2007
315750,1383,1015,1379.0,834.0,239,60,11787,1996,2007
290000,1328,1203,1318.0,752.0,222,98,12257,1995,2007
430000,3228,0,3200.0,546.0,264,75,12692,1992,2007
263000,1105,1097,1105.0,517.0,0,65,11762,1992,2007
330000,1335,1203,1325.0,933.0,198,92,9044,1996,2007
320000,1905,0,1905.0,788.0,0,191,11670,2006,2007
282922,1464,0,1485.0,754.0,168,160,15256,2007,2007
255000,1636,0,1623.0,865.0,0,60,13501,2006,2007
227000,1588,0,1588.0,825.0,144,45,10000,2006,2007
260000,1538,0,1538.0,484.0,146,40,8847,2005,2007
249000,1506,0,1494.0,672.0,192,35,8251,2005,2007
307000,1694,0,1686.0,636.0,255,57,10084,2004,2007
221300,1302,528,1302.0,859.0,0,40,8778,2006,2007
270000,1088,871,1088.0,1025.0,208,46,9000,2006,2007
249700,1656,0,1656.0,826.0,0,146,11096,2006,2007
253000,1685,0,1685.0,658.0,112,63,11824,2006,2007
265000,1158,1285,1158.0,744.0,193,127,10625,2004,2007
340000,1580,886,1580.0,610.0,159,214,11143,2004,2007
147000,1143,0,1143.0,0.0,0,55,7500,2006,2007
149000,1094,0,1094.0,576.0,0,0,12450,2003,2007
181000,1486,0,1461.0,566.0,0,32,7441,2006,2007
201000,936,785,928.0,471.0,300,87,8462,1994,2007
191750,920,900,864.0,492.0,144,85,11613,1993,2007
179000,1349,0,1349.0,539.0,120,55,8450,2000,2007
215000,1494,0,1482.0,514.0,402,25,16196,1998,2007
144000,884,0,840.0,504.0,240,0,9180,1983,2007
120750,894,0,894.0,308.0,192,0,6285,1977,2007
132500,970,0,970.0,624.0,0,24,8480,1963,2007
132000,1057,0,1057.0,576.0,0,0,7420,1962,2007
132500,999,0,999.0,264.0,0,132,7758,1962,2007
129000,1120,0,1040.0,544.0,168,0,6970,1961,2007
143900,1696,0,1140.0,349.0,0,30,13673,1962,2007
145000,1040,0,1040.0,686.0,188,0,7476,1968,2007
128500,988,0,988.0,572.0,0,0,9945,1961,2007
125500,902,0,876.0,288.0,0,0,6173,1967,2007
300000,1271,1232,1223.0,564.0,0,99,19522,1990,2007
294000,1516,651,1192.0,518.0,220,47,17542,1974,2007
129000,1037,0,1037.0,431.0,136,47,10751,1974,2007
171000,1701,0,1390.0,611.0,0,0,16647,1975,2007
302000,1453,1357,1453.0,750.0,500,0,9572,1990,2007
285000,2129,743,1683.0,541.0,0,33,10678,1992,2007
239000,975,975,975.0,576.0,0,10,7399,1997,2007
204000,1358,0,1339.0,625.0,176,174,7321,1999,2007
301000,1072,976,1054.0,552.0,0,48,8010,2003,2007
312500,1220,1142,1220.0,1105.0,147,0,8413,1998,2007
255000,2362,0,2002.0,546.0,180,16,12000,1980,2007
194000,1432,0,1360.0,588.0,168,180,16157,1978,2007
218000,1437,0,1437.0,528.0,0,21,10768,1976,2007
187000,1094,761,528.0,512.0,113,100,9600,1976,2007
181500,1262,0,1262.0,460.0,298,0,9600,1976,2007
373000,2497,0,2461.0,676.0,266,0,17778,1981,2007
226000,1057,872,1057.0,650.0,0,235,7050,2001,2007
143450,1152,0,912.0,412.0,0,126,11700,1968,2007
240050,1403,1008,1008.0,570.0,0,192,8000,1970,2007
162500,1082,0,973.0,480.0,160,0,8723,1969,2007
164000,1295,0,1295.0,528.0,0,194,11700,1968,2007
185000,1610,0,1124.0,515.0,202,0,11358,1972,2007
188500,1594,0,1594.0,472.0,190,80,9547,1993,2007
255000,1091,984,1148.0,473.0,235,86,10530,1993,2007
158500,1093,0,1093.0,484.0,224,0,10738,1966,2007
175500,1242,0,1242.0,528.0,0,0,9600,1973,2007
127000,1052,0,1052.0,311.0,0,133,10800,1963,2007
127000,1107,0,949.0,308.0,88,64,8050,1967,2007
143000,1214,0,1214.0,318.0,0,111,10355,1967,2007
156000,1073,0,1073.0,515.0,0,0,10289,1965,2007
144000,1344,0,1024.0,484.0,316,28,9503,1958,2007
139900,1422,0,978.0,286.0,0,0,12342,1960,2007
151500,958,0,958.0,301.0,0,0,12772,1960,2007
126500,1065,0,1065.0,461.0,74,0,8892,1960,2007
145000,1138,0,588.0,264.0,224,0,10482,1958,2007
120000,912,0,912.0,297.0,12,285,7535,1958,2007
124000,1074,0,894.0,396.0,0,72,7450,1956,2007
106500,882,0,0.0,294.0,0,0,8339,1959,2007
140500,1187,0,864.0,440.0,128,0,14357,1961,2007
137500,964,0,964.0,784.0,170,0,8243,1961,2007
117600,894,0,894.0,312.0,0,0,8680,1960,2007
163500,1200,0,1174.0,440.0,0,0,8800,1966,2007
161000,1042,0,1042.0,440.0,192,0,9200,1965,2007
158000,1302,0,1302.0,309.0,333,0,9350,1964,2007
224500,845,1309,845.0,539.0,0,0,8800,1964,2007
147000,1374,0,1130.0,286.0,0,28,11382,1964,2007
200000,1652,0,1592.0,510.0,0,0,22002,1959,2007
181900,1429,0,1144.0,572.0,216,110,14585,1960,2007
150750,1327,0,1063.0,624.0,0,0,7388,1959,2007
124000,932,0,932.0,306.0,0,0,8280,1950,2007
138500,908,0,822.0,512.0,284,24,12172,1940,2007
39300,334,0,0.0,0.0,0,0,5000,1946,2007
64500,666,0,666.0,0.0,0,52,5000,1946,2007
64000,442,228,370.0,0.0,0,21,3500,1945,2007
112000,808,0,808.0,308.0,143,0,5175,1958,2007
165000,1127,850,816.0,540.0,0,52,9500,1964,2007
144000,1150,0,1078.0,288.0,0,0,9600,1955,2007
105000,968,408,768.0,240.0,0,0,9492,1941,2007
146500,888,756,728.0,312.0,168,0,9480,1942,2007
175000,1280,0,793.0,432.0,140,40,10050,1966,2007
158500,1254,0,1218.0,525.0,0,0,9600,1961,2007
114500,912,0,912.0,275.0,0,0,10150,1958,2007
144000,874,650,874.0,315.0,0,0,11344,1958,2007
141000,936,0,936.0,315.0,0,0,8760,1957,2007
131000,1008,0,1008.0,308.0,0,0,6860,1956,2007
142100,1053,0,1053.0,692.0,240,0,8250,1963,2007
139000,1056,0,1056.0,308.0,0,0,8176,1958,2007
157900,1442,0,1442.0,301.0,0,0,9750,1958,2007
139400,1056,0,1056.0,260.0,390,0,9250,1954,2007
150000,1244,0,1244.0,336.0,0,40,11988,1957,2007
120000,1144,0,1144.0,336.0,0,0,9100,1960,2007
174850,1721,0,1331.0,464.0,0,0,9736,1957,2007
116000,922,0,922.0,308.0,0,34,9770,1957,2007
135000,1048,0,1048.0,286.0,0,20,10152,1956,2007
163500,1657,0,1657.0,484.0,0,0,12155,1970,2007
130000,1411,0,1204.0,310.0,278,82,12198,1955,2007
129500,1216,0,1216.0,336.0,0,0,10050,1955,2007
142000,1154,0,864.0,336.0,63,0,11556,1953,2007
125000,948,0,948.0,410.0,0,48,10950,1952,2007
136000,1040,0,1040.0,293.0,0,0,7942,1953,2007
134500,1008,0,1008.0,240.0,0,18,8923,1953,2007
127000,925,0,925.0,252.0,152,0,8540,1956,2007
130000,1360,0,384.0,572.0,0,50,7134,1955,2007
115000,1040,500,1190.0,352.0,0,0,7150,1955,2007
116900,925,0,923.0,390.0,81,0,8400,1955,2007
132000,928,0,928.0,252.0,261,0,13300,1956,2007
153000,1647,0,1105.0,280.0,225,0,9532,1953,2007
112500,924,0,924.0,420.0,0,324,15783,1952,2007
138000,1000,544,925.0,0.0,231,0,14190,1890,2007
135000,893,0,845.0,576.0,0,0,9600,1949,2007
156000,1216,0,1216.0,371.0,200,0,12099,1953,2007
109000,735,299,735.0,240.0,0,39,10134,1940,2007
103200,882,0,882.0,0.0,0,0,5500,1956,2007
64500,968,0,656.0,216.0,0,0,10800,1927,2007
148000,751,783,736.0,0.0,0,112,10800,1895,2007
172000,1035,616,725.0,276.0,460,46,10090,1963,2007
128500,952,0,952.0,288.0,0,0,8300,1968,2007
122900,672,252,672.0,576.0,0,0,8064,1949,2007
119200,1082,0,1082.0,240.0,0,130,11664,1948,2007
143000,1168,678,1040.0,315.0,0,0,10496,1949,2007
119000,988,0,876.0,276.0,0,80,7200,1950,2007
102000,1238,0,864.0,357.0,0,171,7200,1950,2007
129000,864,0,864.0,720.0,194,0,7200,1950,2007
152000,1040,0,1040.0,286.0,0,0,7500,1959,2007
140000,1170,0,1170.0,338.0,0,0,7315,1958,2007
156500,1377,0,1377.0,351.0,0,0,8000,1960,2007
99000,925,0,0.0,300.0,0,0,7000,1961,2007
187000,1020,831,822.0,440.0,239,42,9760,1964,2007
169500,876,936,864.0,264.0,0,168,7590,1962,2007
125500,864,0,864.0,294.0,58,0,6600,1962,2007
130000,936,0,896.0,288.0,24,90,6760,1962,2007
103000,960,0,850.0,576.0,0,0,6978,1926,2007
127500,866,430,845.0,576.0,0,0,6000,1927,2007
89500,1022,0,1022.0,184.0,0,122,4480,1922,2007
99900,967,0,967.0,180.0,0,0,3153,1920,2007
100000,1047,0,641.0,273.0,0,0,10800,1885,2007
130000,1072,0,808.0,379.0,0,0,7200,1940,2007
135000,680,494,680.0,576.0,116,26,9000,1900,2007
120000,679,504,649.0,308.0,0,176,6000,1948,2007
85000,761,380,570.0,252.0,0,0,5925,1900,2007
108500,960,0,960.0,308.0,0,0,6000,1920,2007
137000,1156,642,1075.0,342.0,0,0,9639,1900,2007
110500,866,0,686.0,0.0,58,42,3880,1945,2007
100000,968,0,968.0,480.0,0,0,8520,1923,2007
184900,909,863,725.0,816.0,0,0,10337,1910,2007
125000,842,630,702.0,250.0,0,0,9600,1925,2007
114000,616,616,616.0,480.0,280,0,4571,1910,2007
144100,991,659,926.0,468.0,128,103,8398,1910,2007
117500,1178,1032,1008.0,205.0,0,48,9900,1880,2007
185000,1312,1142,819.0,576.0,0,148,13500,1879,2007
152000,1149,467,1149.0,216.0,0,0,5400,1926,2007
153500,1559,0,1559.0,812.0,0,116,8100,1948,2007
159500,1576,978,718.0,704.0,0,48,10800,1890,2007
87000,912,336,912.0,160.0,0,0,9439,1930,2007
104500,968,0,0.0,331.0,0,0,8626,1956,2007
110000,1382,0,0.0,384.0,0,40,11800,1949,2007
136500,916,144,756.0,308.0,0,65,6854,1925,2007
128250,910,525,910.0,308.0,0,33,8674,1950,2007
144000,1167,0,915.0,495.0,0,0,8731,1920,2007
210000,915,720,1065.0,440.0,0,38,8737,1923,2007
135000,728,546,728.0,224.0,0,0,6125,1939,2007
128000,608,624,600.0,217.0,0,0,6000,1939,2007
131000,869,349,735.0,440.0,0,0,6000,1941,2007
113000,884,0,884.0,240.0,0,0,6120,1939,2007
126000,861,548,861.0,528.0,225,0,6240,1938,2007
132000,899,423,672.0,280.0,0,0,6240,1939,2007
131750,1014,412,966.0,230.0,174,0,6240,1930,2007
132500,903,378,756.0,379.0,25,0,6120,1926,2007
137500,939,574,939.0,180.0,24,0,6120,1920,2007
132000,854,0,832.0,576.0,48,112,6120,1929,2007
127500,959,408,884.0,560.0,0,0,6240,1931,2007
102000,986,0,960.0,180.0,0,128,6180,1926,2007
200000,1100,1164,1100.0,408.0,0,152,7755,1918,2007
180500,1060,764,764.0,520.0,0,0,13515,1919,2007
165000,752,624,768.0,576.0,0,54,8850,1920,2007
153575,698,698,698.0,384.0,0,0,8730,1915,2007
140000,672,672,672.0,456.0,0,0,5700,1929,2007
169500,1226,592,1040.0,240.0,0,0,7758,1931,2007
139400,1108,0,637.0,280.0,0,0,7449,1930,2007
202500,1497,797,741.0,658.0,0,110,13200,1963,2007
127000,773,582,684.0,0.0,136,0,6882,1914,2007
141000,780,595,780.0,544.0,0,162,9000,1937,2007
212300,976,976,976.0,299.0,285,0,9780,1950,2007
161000,1138,1042,1138.0,720.0,0,0,10320,1915,2007
101000,581,530,530.0,288.0,0,0,7200,1920,2007
109900,1196,0,1196.0,440.0,0,0,4800,1916,2007
128500,854,0,720.0,660.0,237,0,12358,1941,2007
87000,840,0,672.0,0.0,0,0,4388,1930,2007
219000,1262,1005,1005.0,498.0,521,0,12888,1937,2007
200500,1636,971,1598.0,0.0,122,0,18030,1946,2007
158450,1452,0,1420.0,572.0,92,0,11235,1964,2007
115400,1005,0,1005.0,440.0,0,0,14299,1964,2007
118500,1029,0,1029.0,261.0,64,0,7943,1961,2007
165000,1020,0,980.0,528.0,0,0,14149,1964,2007
123000,1040,0,1040.0,264.0,0,90,11677,1966,2007
129000,913,0,814.0,240.0,0,0,8400,1966,2007
125000,894,0,894.0,384.0,0,0,7094,1966,2007
115000,897,0,876.0,264.0,0,0,8665,1968,2007
134500,943,0,943.0,528.0,132,0,8398,1967,2007
127000,955,0,955.0,386.0,0,0,7742,1966,2007
129000,894,0,894.0,450.0,0,0,8724,1968,2007
143500,1285,0,660.0,528.0,138,0,8197,1977,2007
129000,912,0,912.0,315.0,204,0,8169,1966,2007
187000,1375,0,1240.0,323.0,0,0,14175,1956,2007
158000,1567,1087,671.0,638.0,128,570,16779,1920,2007
112000,1416,0,816.0,576.0,0,0,25339,1918,2007
165250,798,504,680.0,224.0,0,0,6960,1940,2007
150000,1299,0,967.0,494.0,81,0,11375,1954,2007
137000,1176,0,1158.0,303.0,0,0,13770,1958,2007
89500,998,0,0.0,460.0,0,0,9000,1945,2007
302000,1824,0,1643.0,739.0,380,48,115149,1971,2007
182000,1522,0,1190.0,552.0,0,77,11075,1984,2007
211000,1164,896,1151.0,521.0,0,228,10029,1988,2007
216000,1325,0,409.0,576.0,0,42,17541,1948,2007
130000,1630,0,1073.0,649.0,0,64,22692,1953,2007
109900,1242,0,484.0,336.0,0,0,17808,1946,2007
255000,2422,0,1288.0,527.0,0,63,12671,1954,2007
243000,2158,0,1202.0,576.0,0,29,12615,1950,2007
154000,988,638,988.0,332.0,366,0,10512,1954,2007
118000,864,0,864.0,399.0,0,0,5400,1958,2007
80000,943,0,0.0,308.0,0,0,11515,1958,2007
86000,605,0,528.0,0.0,0,0,9098,1920,2007
125000,1342,0,1342.0,256.0,0,0,9280,1951,2007
136500,1080,400,1080.0,253.0,0,0,11100,1951,2007
96000,986,376,951.0,280.0,0,0,7550,1920,2007
120000,1340,0,0.0,252.0,116,0,9060,1957,2007
228500,1105,717,1105.0,515.0,0,195,23920,1984,2007
179900,1442,0,910.0,719.0,0,244,10357,1990,2007
225000,1122,1121,700.0,746.0,127,44,13474,1990,2007
301000,1553,1177,1502.0,576.0,201,96,10380,1986,2007
238000,912,1215,1104.0,833.0,72,192,13125,1991,2007
228500,1175,807,807.0,575.0,0,84,11287,1989,2007
220000,1029,929,779.0,499.0,202,93,9317,1994,2007
194000,1240,0,1240.0,826.0,140,93,8556,2006,2007
217000,1546,0,1546.0,796.0,144,42,11750,2005,2007
212999,1500,0,1489.0,674.0,144,38,8760,2006,2007
175900,1270,0,1270.0,524.0,0,96,7242,2005,2007
191000,879,916,879.0,578.0,164,111,9316,2005,2007
176432,1314,0,1314.0,440.0,0,22,9317,2006,2007
277000,1180,882,1157.0,454.0,60,55,14364,1988,2007
207000,946,927,929.0,619.0,108,48,8883,1988,2007
277000,1444,700,1444.0,389.0,0,98,159000,1958,2007
240000,1079,874,1580.0,501.0,216,231,53107,1992,2007
187500,976,1111,832.0,444.0,133,168,12205,1966,2007
279000,1743,0,966.0,529.0,646,0,20064,1976,2007
139500,1022,0,1022.0,747.0,0,0,14217,1994,2007
126000,990,0,990.0,299.0,0,64,8775,1994,2007
177500,1200,0,1200.0,521.0,0,26,11249,1995,2007
175000,646,662,635.0,497.0,142,54,10021,1997,2007
211000,882,914,794.0,546.0,0,36,9531,1998,2007
146000,990,0,990.0,384.0,256,0,8428,1994,2007
147900,1097,0,1097.0,242.0,306,0,16561,1996,2007
123600,990,0,990.0,0.0,0,0,8070,1994,2007
204750,905,881,824.0,684.0,0,162,9337,1997,2007
235500,988,885,988.0,597.0,202,123,10820,1999,2007
217000,853,900,853.0,534.0,0,74,12352,1998,2007
190550,845,845,845.0,517.0,0,103,9543,2001,2007
217500,985,857,985.0,486.0,193,96,8826,2000,2007
226000,1479,0,1453.0,558.0,144,29,10665,2003,2007
180000,840,828,840.0,500.0,144,68,11317,2003,2007
153500,1025,0,1015.0,370.0,127,0,8660,1976,2007
160000,1009,0,995.0,576.0,0,0,9720,1977,2007
134900,1040,0,1040.0,748.0,0,0,8982,1977,2007
130000,907,0,876.0,308.0,0,0,16300,1977,2007
120000,879,0,864.0,440.0,0,80,9675,1975,2007
112500,882,0,882.0,461.0,96,0,7700,1972,2007
122000,969,0,969.0,440.0,0,0,10356,1975,2007
127000,864,0,864.0,576.0,155,0,7200,1972,2007
117000,875,0,385.0,728.0,352,0,7200,1972,2007
305900,2000,0,2000.0,888.0,168,0,10386,2004,2007
228500,1284,885,1284.0,647.0,192,87,9375,2002,2007
270000,1673,0,1673.0,583.0,306,113,11354,2000,2007
192000,1459,0,1459.0,527.0,192,39,8749,2002,2007
213000,992,940,979.0,610.0,0,120,8749,2003,2007
200000,860,869,860.0,542.0,386,63,8158,2002,2007
267000,1210,1242,1028.0,683.0,208,50,16226,1998,2007
228000,1592,0,1556.0,484.0,120,35,11927,1994,2007
275000,1531,908,1531.0,560.0,184,121,12728,2001,2007
211000,1212,780,860.0,608.0,225,32,15295,1996,2007
285000,1668,0,1626.0,702.0,257,45,11248,2002,2007
240000,1220,870,1220.0,556.0,0,65,10000,1995,2007
246900,1341,0,1341.0,482.0,240,84,17227,1999,2007
219500,847,1081,847.0,434.0,100,48,8200,2003,2007
185000,1337,0,1337.0,531.0,0,39,8450,2003,2007
213500,939,858,939.0,639.0,144,53,9245,2006,2007
179600,1422,0,1422.0,626.0,192,60,8500,2004,2007
173500,1190,0,1169.0,578.0,100,41,8769,2005,2007
168675,738,753,738.0,484.0,100,30,8333,2006,2007
167000,768,768,768.0,400.0,0,40,9045,2005,2007
140000,1214,0,1214.0,461.0,0,0,9170,1965,2007
110000,1088,0,1088.0,520.0,0,0,8308,1963,2007
94750,960,0,960.0,432.0,120,0,10921,1965,2007
122000,901,450,901.0,576.0,0,0,16287,1925,2007
110000,1179,0,1179.0,622.0,0,0,8240,1960,2007
133500,1044,0,960.0,528.0,228,0,6285,1976,2007
148000,1113,0,1143.0,504.0,370,30,7917,1976,2007
157000,1090,0,1090.0,450.0,0,49,7024,2005,2007
171500,734,674,734.0,489.0,0,85,7023,2005,2007
131750,960,0,960.0,392.0,144,0,6400,1959,2007
111000,948,0,864.0,248.0,0,0,10215,1954,2007
79000,774,0,544.0,0.0,0,0,4270,1931,2007
108500,740,125,660.0,216.0,0,0,10042,1920,2007
112000,796,550,560.0,384.0,168,24,11767,1910,2007
125000,768,0,768.0,355.0,0,0,8172,1955,2007
119000,948,0,948.0,280.0,0,36,8190,1954,2007
165000,900,602,602.0,180.0,96,0,10592,1923,2007
96500,789,0,768.0,200.0,0,0,10594,1926,2007
136500,1422,0,1290.0,352.0,0,0,7223,1926,2007
146500,759,539,651.0,240.0,216,0,6821,1921,2007
175000,981,787,731.0,240.0,0,0,7200,1937,2007
148500,567,531,531.0,216.0,0,0,4000,1930,2007
141500,851,585,585.0,228.0,184,0,6720,1921,2007
189950,912,514,912.0,216.0,0,240,7642,1918,2007
135000,686,775,686.0,225.0,0,0,7155,1926,2007
164000,918,728,918.0,240.0,0,0,7128,1941,2007
90350,694,0,440.0,352.0,0,0,4280,1913,2007
139000,661,589,661.0,552.0,242,0,5362,1910,2007
119750,954,0,920.0,240.0,0,0,6305,1938,2007
238000,867,851,851.0,264.0,291,0,7230,1927,2007
153500,1226,0,0.0,400.0,174,24,13108,1951,2007
239000,1370,1254,1370.0,864.0,0,0,22420,1918,2007
188000,1230,525,930.0,231.0,0,40,7810,1930,2007
220000,1096,895,854.0,432.0,0,0,11275,1932,2007
315000,1549,1178,853.0,440.0,0,74,10570,1932,2007
259500,1436,884,1028.0,180.0,224,0,7259,1945,2007
257500,1839,0,1477.0,416.0,0,87,14442,1957,2007
219500,960,780,800.0,240.0,0,0,13125,1940,2007
201000,1560,0,1560.0,580.0,0,75,25485,1960,2007
215000,1488,0,1488.0,552.0,0,0,21579,1968,2007
170000,1680,0,1680.0,628.0,152,0,17871,1995,2007
198000,1696,0,1696.0,625.0,0,146,20693,1971,2007
315000,2726,0,279.0,691.0,216,64,18044,1986,2007
115000,997,520,793.0,0.0,0,0,8500,1919,2007
141000,720,495,720.0,720.0,0,0,7000,1940,2007
87000,803,0,720.0,360.0,0,0,5000,1941,2007
129850,936,665,936.0,0.0,0,0,7288,1925,2007
100000,772,351,732.0,264.0,0,0,6060,1939,2007
75200,816,0,816.0,100.0,0,0,3672,1922,2007
118400,1012,0,1012.0,308.0,0,22,8263,1920,2007
152000,910,648,910.0,282.0,289,0,13710,1950,2007
68104,640,0,0.0,256.0,48,0,11067,1939,2007
124900,1001,0,837.0,216.0,154,0,6060,1930,2007
183500,1299,0,1001.0,486.0,84,0,12150,1979,2007
156000,912,0,888.0,470.0,0,0,7540,1978,2007
134000,1080,0,1084.0,484.0,120,0,9187,1983,2007
215000,1392,0,1441.0,650.0,168,49,10000,2002,2007
245000,1409,0,1409.0,576.0,0,144,12864,2002,2007
210000,1478,0,1454.0,506.0,114,22,9928,1991,2007
148000,918,0,852.0,360.0,192,84,8750,1975,2007
143000,1026,0,970.0,528.0,193,0,8410,1974,2007
170000,1328,0,1350.0,308.0,0,104,16905,1959,2007
257000,2279,0,585.0,461.0,274,0,19958,1958,2007
265900,1484,0,1476.0,472.0,120,33,9037,2006,2007
174000,1240,0,1265.0,528.0,232,0,10331,1985,2007
187500,1187,530,1156.0,400.0,168,36,13758,1990,2007
204000,888,868,872.0,422.0,144,122,9303,1996,2007
180500,1312,0,1267.0,471.0,256,28,6718,2001,2007
187500,1146,0,868.0,438.0,160,22,9590,2003,2007
282000,1922,0,1922.0,692.0,201,64,11305,2002,2007
178000,1491,0,1491.0,571.0,0,35,7777,1996,2007
270000,1629,0,1616.0,808.0,0,252,14536,2002,2007
279900,1146,1340,1122.0,452.0,143,32,11800,2003,2007
186700,1572,0,1572.0,995.0,0,263,35133,1963,2007
281213,1133,1349,1094.0,642.0,144,39,12665,2005,2007
130000,2034,0,0.0,1041.0,483,266,43500,1953,2007
132250,1040,0,1064.0,648.0,0,0,25286,1963,2007
146800,1062,0,1029.0,539.0,120,0,11333,1976,2007
153500,1008,0,923.0,678.0,201,66,9129,1977,2007
188000,1356,0,1244.0,528.0,1424,0,15957,1977,2007
196000,1676,0,1160.0,672.0,690,90,33983,1977,2007
157000,716,716,716.0,531.0,0,136,8286,1977,2007
138000,796,0,796.0,0.0,129,0,6723,1971,2007
129500,768,0,768.0,624.0,104,0,7244,1970,2007
129500,845,0,845.0,360.0,0,0,7599,1982,2007
135000,1178,0,1090.0,502.0,0,44,11000,1976,2007
124500,816,0,816.0,264.0,168,0,8314,1982,2007
139000,816,0,816.0,264.0,330,0,11625,1983,2007
124500,887,0,864.0,288.0,140,0,10447,1984,2007
149900,1293,0,1178.0,452.0,280,0,11027,1954,2006
157500,1024,0,1008.0,313.0,0,0,10533,1956,2006
169000,1797,0,1617.0,963.0,0,0,11765,1957,2006
192100,1851,0,1851.0,506.0,0,146,11727,1969,2006
183500,813,712,813.0,400.0,421,72,8238,1997,2006
222000,993,1243,964.0,642.0,0,0,13006,1997,2006
170000,781,890,781.0,423.0,0,84,13041,1995,2006
187500,691,807,691.0,409.0,315,44,13031,1995,2006
202000,821,955,821.0,443.0,286,116,9783,1996,2006
185000,802,709,802.0,413.0,95,75,11207,1997,2006
250000,1074,990,1074.0,527.0,0,119,13128,2005,2006
239900,901,900,893.0,800.0,0,116,10463,2005,2006
270000,2079,608,2062.0,618.0,168,12,13108,1994,2006
183500,1169,0,1160.0,402.0,0,26,8076,1993,2006
165600,697,804,697.0,420.0,190,63,7685,1993,2006
176500,955,677,935.0,462.0,0,28,9084,1998,2006
275000,1742,0,1742.0,564.0,114,28,6563,1985,2006
169000,1547,720,0.0,672.0,120,144,14762,1948,2006
470000,2000,0,1910.0,722.0,351,102,18261,2005,2006
202500,1621,0,1208.0,440.0,108,45,14145,1984,2006
229000,1377,806,1204.0,786.0,0,0,13837,1988,2006
235000,1468,795,795.0,539.0,0,250,16659,1977,2006
190000,790,784,796.0,566.0,306,111,18800,1976,2006
169000,1102,0,988.0,582.0,140,22,10464,1980,2006
241500,1872,0,1845.0,604.0,197,39,10400,1988,2006
188900,945,912,945.0,482.0,400,105,10530,1978,2006
207500,1686,0,1686.0,612.0,384,131,10240,1980,2006
250000,1392,1392,1392.0,564.0,0,112,16692,1978,2006
179900,811,741,713.0,434.0,209,208,11475,1975,2006
172000,1083,0,1047.0,596.0,444,0,9927,1976,2006
184500,1109,766,675.0,485.0,48,28,10530,1975,2006
153500,1074,0,1056.0,495.0,0,88,10140,1975,2006
162900,832,832,832.0,528.0,0,28,10140,1976,2006
181000,1309,0,1040.0,484.0,265,0,10140,1974,2006
155000,1103,0,1103.0,462.0,295,84,10000,1974,2006
88000,858,0,858.0,0.0,0,0,8125,1971,2006
97500,874,0,864.0,576.0,63,0,7200,1971,2006
145000,1387,0,943.0,300.0,0,0,7514,1967,2006
123000,900,0,864.0,288.0,175,144,7838,1967,2006
315000,1980,0,1980.0,770.0,194,45,16737,2004,2006
252000,1618,0,1618.0,880.0,0,0,16163,2004,2006
415000,1868,0,1868.0,1085.0,354,56,14780,2005,2006
326000,1850,0,1833.0,772.0,519,112,16033,2004,2006
309000,1132,1320,1117.0,691.0,113,32,13418,2004,2006
275500,1038,1060,1030.0,878.0,192,52,10240,2005,2006
360000,1944,0,1896.0,708.0,208,175,12378,2003,2006
378000,1780,0,1780.0,816.0,144,68,14828,2004,2006
374000,1792,0,1792.0,874.0,206,49,11846,2003,2006
275000,1058,846,1058.0,736.0,179,60,10927,2005,2006
279000,1426,488,1420.0,746.0,168,127,13215,2004,2006
192140,734,1104,732.0,372.0,100,40,21930,2005,2006
183200,807,702,783.0,393.0,100,75,7861,2002,2006
178000,707,707,707.0,403.0,100,35,9056,2004,2006
201490,848,750,848.0,433.0,100,48,9171,2004,2006
230500,1454,482,1406.0,504.0,188,124,11194,2000,2006
180000,807,702,783.0,393.0,0,75,7875,2003,2006
172400,953,711,953.0,460.0,100,40,8121,2000,2006
215000,1008,881,982.0,431.0,0,0,8658,2000,2006
199900,956,930,930.0,431.0,89,0,11214,1998,2006
173000,959,712,959.0,472.0,0,38,10852,2000,2006
230000,1005,1286,975.0,429.0,192,0,8738,1999,2006
348000,1407,985,1396.0,870.0,0,70,9452,1997,2006
286000,1079,897,1044.0,885.0,210,31,9660,1998,2006
300000,1205,1029,1160.0,768.0,0,50,9545,2000,2006
625000,1831,1796,1930.0,807.0,361,76,35760,1995,2006
405000,1540,1315,1540.0,774.0,247,55,9233,2000,2006
280000,1086,838,1086.0,592.0,208,75,12011,1998,2006
350000,1358,1368,1342.0,725.0,307,169,10019,1995,2006
584500,1933,1567,1733.0,959.0,870,86,17242,1993,2006
321000,1305,1189,1290.0,803.0,200,95,10236,1994,2006
290000,1203,1323,1165.0,844.0,309,78,10120,1994,2006
315000,1565,1234,1286.0,704.0,432,136,12585,1993,2006
232000,1616,0,1616.0,834.0,208,59,8688,2005,2006
200825,858,858,858.0,615.0,0,53,8125,2005,2006
176000,1266,0,1257.0,453.0,38,144,7500,2005,2006
139500,1142,0,1142.0,0.0,4,50,7733,2005,2006
184000,891,795,891.0,462.0,144,101,7800,2005,2006
184900,831,754,784.0,449.0,100,77,7632,2005,2006
187000,941,896,941.0,688.0,150,165,8304,1997,2006
175900,810,793,761.0,484.0,0,124,7153,1992,2006
150000,636,684,636.0,472.0,0,40,9019,1994,2006
107000,1056,0,1056.0,384.0,0,42,8900,1966,2006
129500,988,0,988.0,624.0,0,0,9100,1962,2006
144000,1211,0,864.0,576.0,161,0,9240,1962,2006
151000,1212,0,506.0,492.0,292,12,8471,1977,2006
126000,984,0,984.0,310.0,0,0,9308,1965,2006
116000,909,0,882.0,294.0,0,155,8450,1968,2006
133500,925,0,925.0,484.0,203,74,8638,1963,2006
120875,1024,0,1024.0,308.0,0,0,13052,1965,2006
137000,935,0,935.0,288.0,180,0,13526,1965,2006
124000,912,0,912.0,0.0,0,0,8020,1964,2006
135000,1236,0,912.0,288.0,0,0,6993,1961,2006
129200,941,0,912.0,288.0,64,0,8789,1967,2006
260000,2151,495,1748.0,550.0,641,100,14330,1974,2006
260000,1301,1116,1288.0,462.0,127,82,16059,1991,2006
334000,1520,1306,1334.0,888.0,177,208,11025,1992,2006
268000,1166,1129,1095.0,590.0,0,40,13346,1992,2006
262000,1624,0,1624.0,757.0,0,114,12461,1994,2006
200000,854,840,569.0,434.0,0,382,8314,1997,2006
221000,1568,0,1568.0,564.0,0,266,7180,2001,2006
165000,1208,0,1208.0,546.0,198,42,11250,1977,2006
385000,1842,0,1842.0,894.0,857,72,50271,1981,2006
170000,1222,698,570.0,487.0,0,98,10192,1968,2006
262500,2156,0,1568.0,508.0,0,80,20781,1968,2006
179900,708,708,708.0,776.0,0,169,11700,1968,2006
250000,1512,1142,1054.0,619.0,0,65,11029,1968,2006
165150,1012,778,732.0,484.0,148,0,10400,1972,2006
164500,1334,0,1334.0,477.0,0,20,10140,1967,2006
140000,1164,0,1164.0,528.0,0,0,9600,1969,2006
135500,980,0,980.0,384.0,68,0,9750,1967,2006
142000,1051,0,1051.0,504.0,0,0,9600,1968,2006
155000,884,886,900.0,530.0,0,60,8640,1968,2006
138500,1052,0,1052.0,288.0,356,0,8400,1968,2006
140000,898,0,833.0,326.0,143,0,8400,1968,2006
124400,1051,0,1051.0,264.0,182,88,9759,1966,2006
158000,1141,0,1141.0,568.0,0,78,9600,1967,2006
146000,1200,0,864.0,884.0,0,64,9230,1965,2006
190000,1097,896,825.0,495.0,0,66,14803,1971,2006
136500,1050,0,1050.0,368.0,0,319,10659,1961,2006
129900,864,0,864.0,624.0,0,0,9100,1958,2006
160000,1251,0,1251.0,461.0,0,116,8800,1964,2006
167000,1488,0,1008.0,430.0,154,60,10368,1964,2006
157500,720,720,720.0,480.0,0,32,9350,1964,2006
151500,1248,0,1248.0,286.0,0,0,10800,1960,2006
129800,816,0,816.0,240.0,228,0,8550,1934,2006
137000,1008,0,1008.0,275.0,0,0,11425,1954,2006
137000,1043,0,938.0,273.0,125,48,9724,1947,2006
85500,869,0,440.0,0.0,0,0,5900,1923,2006
79900,747,0,600.0,528.0,0,0,5825,1926,2006
127000,936,316,504.0,576.0,104,0,7438,1908,2006
161000,1433,0,1251.0,441.0,144,0,9600,1961,2006
135000,1216,0,1056.0,280.0,0,0,9600,1951,2006
137900,2136,0,2136.0,528.0,0,30,10680,1951,2006
133000,958,620,806.0,240.0,0,0,9490,1941,2006
137000,1024,704,704.0,234.0,245,60,9462,1949,2006
121000,936,0,936.0,240.0,0,0,9888,1954,2006
172000,1246,0,1246.0,441.0,0,69,12700,1964,2006
226000,1216,941,924.0,487.0,105,66,14200,1966,2006
135000,1008,0,1008.0,430.0,0,0,9723,1963,2006
143000,1144,0,1144.0,796.0,86,0,8163,1959,2006
132000,1364,0,1179.0,331.0,0,60,8400,1957,2006
145250,1383,0,1383.0,292.0,0,45,11600,1960,2006
162000,1336,0,1121.0,488.0,80,0,9610,1958,2006
148000,1370,0,1058.0,300.0,191,0,10000,1956,2006
141000,1092,0,1092.0,299.0,268,0,14850,1957,2006
153000,1124,0,1124.0,353.0,0,211,10152,1956,2006
134450,1236,0,1070.0,447.0,0,0,10011,1957,2006
140000,1375,0,1367.0,451.0,0,30,11310,1954,2006
139500,1008,0,1008.0,280.0,0,154,12778,1952,2006
155000,1575,0,216.0,400.0,0,0,10170,1951,2006
127000,1145,0,301.0,684.0,0,0,7700,1956,2006
133500,1005,0,1005.0,319.0,0,0,11050,1956,2006
125000,1056,0,1056.0,300.0,0,0,13600,1955,2006
142000,884,0,884.0,270.0,0,0,15428,1951,2006
159000,1384,0,1015.0,896.0,75,0,13300,1956,2006
127000,900,412,784.0,649.0,0,28,7500,1947,2006
112000,865,445,617.0,398.0,0,0,7000,1924,2006
99800,713,0,713.0,371.0,0,75,10410,1930,2006
117000,833,0,833.0,326.0,0,0,5400,1954,2006
68000,715,0,715.0,660.0,0,0,10914,1929,2006
86900,448,272,448.0,280.0,0,0,7008,1900,2006
120000,1130,0,1120.0,720.0,229,0,10800,1920,2006
155500,774,821,663.0,528.0,49,0,7200,1915,2006
170000,1096,370,796.0,566.0,436,21,10800,1936,2006
159950,1086,0,1024.0,484.0,0,0,13400,1966,2006
165000,1146,0,1083.0,294.0,345,75,10184,1963,2006
159000,1085,649,912.0,440.0,0,0,9786,1962,2006
147000,1207,0,1135.0,264.0,0,240,9510,1962,2006
159500,1194,0,655.0,539.0,0,0,8910,1959,2006
129900,816,0,816.0,308.0,0,0,7100,1957,2006
183000,1773,0,1313.0,418.0,355,98,10800,1961,2006
157500,1472,0,0.0,484.0,0,68,11650,1959,2006
277500,1900,548,1438.0,441.0,520,102,18275,1962,2006
207500,1600,0,1484.0,319.0,288,258,16321,1957,2006
147500,910,611,910.0,597.0,199,0,12144,1950,2006
109500,1040,0,0.0,625.0,0,0,7200,1950,2006
109900,1040,0,0.0,420.0,0,29,7200,1950,2006
133700,1040,0,1040.0,286.0,140,0,7560,1959,2006
141000,1150,0,1150.0,300.0,0,0,7945,1959,2006
146000,1150,0,1150.0,288.0,0,0,7000,1961,2006
155000,660,688,660.0,453.0,188,108,7590,1966,2006
134500,999,0,925.0,300.0,150,72,10205,1962,2006
120000,1045,0,1045.0,528.0,0,0,7400,1962,2006
105000,864,0,864.0,336.0,0,0,7000,1962,2006
169000,1007,1007,716.0,624.0,0,72,9856,1900,2006
135000,1226,442,1212.0,240.0,0,0,9600,1948,2006
111500,1147,510,1147.0,162.0,0,0,5520,1920,2006
156500,940,476,780.0,400.0,0,24,9600,1900,2006
178000,832,809,728.0,546.0,0,0,9600,1925,2006
139900,848,580,712.0,576.0,264,0,6451,1900,2006
105000,502,502,502.0,200.0,280,0,3960,1930,2006
110000,813,0,813.0,270.0,0,113,5684,1930,2006
111500,844,0,844.0,216.0,50,81,5633,1925,2006
105000,864,0,576.0,528.0,0,0,7200,1950,2006
116000,734,384,648.0,440.0,0,0,4400,1920,2006
96900,714,662,738.0,216.0,0,0,7614,1905,2006
139000,816,750,816.0,450.0,24,0,6000,1924,2006
61500,492,0,492.0,200.0,0,0,7830,1921,2006
120000,885,297,770.0,378.0,0,0,9576,1945,2006
126175,1163,0,1162.0,220.0,142,98,5820,1955,2006
64000,840,0,798.0,250.0,112,0,5747,1920,2006
87000,1095,679,1095.0,779.0,0,0,9600,1900,2006
163000,880,888,880.0,320.0,0,341,10800,1914,2006
155000,1226,878,1226.0,432.0,0,341,6300,1910,2006
79000,889,551,540.0,352.0,0,0,5000,1900,2006
144000,815,875,815.0,225.0,0,0,8850,1916,2006
114504,684,684,684.0,216.0,0,158,3600,1910,2006
157000,998,764,596.0,576.0,36,0,7200,1920,2006
475000,1518,1518,1107.0,840.0,0,260,22950,1892,2006
125000,960,0,960.0,624.0,0,0,9750,1958,2006
64500,1020,0,1020.0,0.0,0,0,4761,1918,2006
140200,972,605,972.0,312.0,0,0,6435,1939,2006
202500,1017,810,848.0,240.0,27,36,11737,1924,2006
159000,1004,660,1004.0,420.0,0,24,5000,1947,2006
114500,816,0,816.0,528.0,112,0,6240,1934,2006
115000,896,448,896.0,240.0,200,114,6240,1936,2006
80500,672,240,0.0,0.0,0,0,6240,1947,2006
110000,741,583,741.0,180.0,0,0,6120,1930,2006
110500,1103,0,1103.0,440.0,166,120,6000,1925,2006
89000,616,0,616.0,205.0,0,0,6000,1921,2006
113000,1048,0,993.0,280.0,0,0,6380,1922,2006
109000,816,0,816.0,210.0,168,0,11672,1925,2006
220000,1611,875,1595.0,576.0,0,0,33120,1962,2006
117000,1001,634,485.0,255.0,394,0,5310,1910,2006
52500,693,0,693.0,0.0,0,20,4118,1941,2006
116500,665,665,396.0,390.0,0,72,7518,1910,2006
119500,780,596,780.0,198.0,0,0,8600,1937,2006
125500,803,557,803.0,297.0,0,65,7200,1938,2006
91000,1077,0,1007.0,210.0,0,100,9786,1922,2006
137500,1081,341,806.0,288.0,0,0,12375,1951,2006
131000,1640,0,0.0,394.0,0,0,21370,1950,2006
125000,1032,0,0.0,260.0,0,0,8250,1935,2006
80000,879,0,830.0,180.0,0,108,5220,1936,2006
157000,1073,0,1073.0,246.0,0,120,5500,2004,2006
148000,1382,0,1051.0,459.0,0,82,11235,1963,2006
154500,1068,0,1059.0,264.0,192,0,8414,1963,2006
153600,1064,0,1064.0,528.0,314,48,11327,1967,2006
132000,934,0,912.0,336.0,77,0,10366,1964,2006
158000,1159,0,1051.0,336.0,466,0,11553,1968,2006
149500,672,728,672.0,440.0,0,0,7844,1978,2006
165000,1458,0,1176.0,512.0,284,0,9535,1967,2006
180000,1721,0,1461.0,440.0,0,96,10335,1968,2006
160500,1040,0,960.0,616.0,131,0,7176,1978,2006
172500,1252,668,1052.0,451.0,0,0,13650,1958,2006
155000,1803,0,1134.0,484.0,0,0,13125,1957,2006
105000,872,0,872.0,322.0,0,0,17529,1924,2006
145000,960,0,648.0,364.0,88,0,10246,1965,2006
168000,1437,0,1188.0,576.0,304,0,14175,1956,2006
278000,1830,0,1865.0,521.0,0,115,20355,1967,2006
164000,1000,0,1000.0,575.0,238,0,13050,1963,2006
225000,1304,983,1304.0,667.0,0,21,15593,1953,2006
130000,810,0,782.0,576.0,0,0,10820,1971,2006
142500,894,0,864.0,440.0,241,0,13350,1974,2006
146000,1350,0,967.0,504.0,237,0,9375,1954,2006
225000,1112,896,896.0,230.0,103,0,7800,1948,2006
235000,1337,672,672.0,795.0,0,42,19950,1928,2006
415000,1836,1836,1836.0,836.0,684,80,19800,1935,2006
182000,1560,0,1776.0,528.0,453,253,11679,1962,2006
135000,1488,0,0.0,569.0,0,189,12048,1952,2006
137000,1057,0,1057.0,288.0,0,0,10519,1955,2006
136900,1216,639,994.0,325.0,182,0,9525,1954,2006
149900,1068,541,1000.0,305.0,0,0,9525,1953,2006
123500,1148,0,980.0,308.0,0,0,6420,1952,2006
93000,1124,0,0.0,0.0,0,36,8335,1954,2006
91500,1002,454,810.0,280.0,0,0,7585,1948,2006
180000,1298,0,1298.0,403.0,165,26,11200,1985,2006
215000,1065,846,777.0,471.0,182,81,9554,1993,2006
260000,1734,0,1734.0,660.0,160,24,11645,2005,2006
225000,1614,0,1614.0,576.0,100,45,9316,2005,2006
181000,784,812,784.0,610.0,144,45,9316,2005,2006
190000,1582,0,1624.0,390.0,168,198,36500,1964,2006
180000,988,0,938.0,540.0,0,130,21453,1969,2006
280000,1533,0,1533.0,576.0,200,54,70761,1975,2006
148000,914,0,870.0,576.0,0,0,8846,1996,2006
145000,1100,0,1100.0,462.0,0,0,13015,1996,2006
187000,795,704,781.0,473.0,413,91,12438,1995,2006
193000,1425,0,1425.0,591.0,0,130,8685,1998,2006
156000,990,0,990.0,576.0,224,0,13568,1995,2006
235000,1525,0,1525.0,541.0,219,36,9100,2000,2006
217000,1494,0,1479.0,576.0,168,27,9236,1997,2006
214000,1588,0,1588.0,472.0,158,29,10264,1999,2006
196000,856,893,842.0,515.0,140,85,9272,1999,2006
217000,951,828,951.0,586.0,208,107,13426,1999,2006
200000,920,941,916.0,492.0,146,91,13450,2002,2006
192500,936,840,936.0,474.0,144,96,14006,2002,2006
205000,1541,0,1541.0,843.0,468,81,13704,2001,2006
132500,954,0,911.0,576.0,0,0,10780,1976,2006
157500,686,702,675.0,317.0,406,36,8340,1977,2006
174000,1282,0,995.0,672.0,386,0,10385,1978,2006
128500,971,0,971.0,300.0,0,0,9920,1969,2006
128500,864,0,864.0,288.0,0,0,9560,1972,2006
119900,864,0,864.0,297.0,0,0,7200,1972,2006
255000,1091,898,1065.0,586.0,199,60,11367,2002,2006
222000,878,884,826.0,591.0,320,54,9930,2002,2006
214000,840,915,840.0,530.0,176,73,9468,1999,2006
220000,1358,0,1348.0,418.0,68,166,11088,2002,2006
275000,1787,0,1753.0,748.0,198,150,14781,2001,2006
197000,872,1037,872.0,529.0,0,108,8726,2002,2006
230000,1654,0,1654.0,900.0,0,136,8125,2002,2006
268500,1090,1124,1090.0,646.0,197,80,10566,1999,2006
210900,1065,984,1065.0,467.0,120,48,21533,1996,2006
227000,1070,869,1054.0,555.0,128,84,11250,1998,2006
237000,950,1045,930.0,610.0,275,170,11250,1995,2006
274300,1108,989,1108.0,583.0,253,170,9750,1998,2006
216837,1836,0,1860.0,484.0,120,33,9100,2004,2006
207000,1390,0,1390.0,545.0,0,68,8810,2003,2006
195000,847,1101,847.0,434.0,100,48,12393,2004,2006
200000,1700,0,1682.0,544.0,192,23,9135,2003,2006
195800,784,827,784.0,572.0,144,36,8400,2005,2006
196500,860,860,860.0,565.0,0,70,11645,2004,2006
98000,760,676,676.0,528.0,147,0,8777,1910,2006
149900,1466,0,1466.0,528.0,0,140,17755,1959,2006
102000,1220,0,836.0,396.0,0,0,8877,1951,2006
196500,806,918,796.0,616.0,168,57,7162,2003,2006
117250,914,0,914.0,0.0,32,0,8050,2002,2006
229000,1164,1150,1150.0,502.0,0,274,11060,2003,2006
97900,624,312,624.0,265.0,0,0,6956,1948,2006
104900,949,272,784.0,392.0,0,0,9738,1924,2006
115000,864,0,864.0,572.0,0,0,8172,1955,2006
116000,686,564,686.0,280.0,207,0,8248,1918,2006
118500,954,795,795.0,440.0,0,188,6204,1912,2006
35000,498,0,498.0,216.0,0,0,8088,1922,2006
121000,1055,218,616.0,275.0,212,0,11388,1910,2006
140000,1192,403,940.0,240.0,0,0,8400,1940,2006
137000,1058,493,1058.0,240.0,0,0,10890,1938,2006
160000,743,736,624.0,312.0,530,0,7000,1926,2006
138887,892,892,747.0,180.0,203,40,13132,1914,2006
149000,755,755,755.0,216.0,0,0,4899,1920,2006
102000,1008,0,1008.0,0.0,0,0,6000,1926,2006
200100,901,901,793.0,216.0,0,0,7588,1920,2006
131000,992,473,992.0,240.0,0,126,10164,1939,2006
112000,824,464,824.0,240.0,0,0,6191,1941,2006
195000,940,610,817.0,318.0,0,0,21780,1920,2006
230000,792,725,792.0,400.0,0,0,11435,1929,2006
194000,1125,592,901.0,410.0,0,0,12400,1940,2006
137500,1180,0,700.0,252.0,0,0,11600,1922,2006
250000,1020,1037,1017.0,180.0,0,0,11500,1936,2006
218000,1122,549,1022.0,451.0,0,0,8170,1929,2006
239000,1170,1175,952.0,360.0,0,0,16560,1932,2006
199500,959,650,637.0,579.0,0,0,12320,1932,2006
210000,1104,697,697.0,365.0,0,90,14210,1930,2006
217500,1647,0,1430.0,621.0,0,0,12984,1977,2006
257000,1278,1037,1168.0,342.0,0,0,15600,1950,2006
223000,1844,0,1844.0,540.0,0,73,16381,1969,2006
145400,861,424,861.0,506.0,96,0,7000,1926,2006
72000,672,0,432.0,0.0,0,0,8534,1925,2006
85000,641,0,641.0,272.0,184,0,7030,1925,2006
139000,967,671,967.0,384.0,0,21,9060,1957,2006
108000,897,439,637.0,570.0,0,47,11040,1920,2006
78000,576,360,216.0,0.0,0,0,8520,1916,2006
242500,1625,0,1625.0,576.0,136,28,23580,1979,2006
209000,1491,0,1491.0,490.0,120,100,9116,2001,2006
148000,1210,0,1128.0,528.0,0,0,11080,1975,2006
335000,1238,1281,1210.0,628.0,320,27,26178,1989,2006
228000,1707,0,1686.0,511.0,574,64,16669,1981,2006
176000,1137,0,1112.0,551.0,125,0,13811,1987,2006
180000,1339,0,1309.0,484.0,0,58,8049,1990,2006
250000,1298,1216,1216.0,693.0,0,0,11170,1990,2006
202000,1403,0,1381.0,470.0,0,173,8098,2000,2006
312500,1800,0,1800.0,765.0,270,78,14331,2002,2006
81500,1600,0,0.0,270.0,0,0,31250,1951,2006
126500,874,0,864.0,288.0,0,120,10172,1968,2006
140000,1360,0,1104.0,336.0,160,0,13384,1969,2006
160000,1126,0,1126.0,484.0,295,41,17400,1977,2006
142500,1003,0,1003.0,588.0,120,0,7937,1984,2006
131000,902,0,864.0,484.0,164,0,8885,1983,2006
132000,970,0,912.0,0.0,80,32,10441,1992,2006
170000,1389,0,1389.0,418.0,240,38,10010,1974,2006
188000,996,1004,996.0,650.0,190,48,9627,1993,2006
