SalePrice,1st Flr SF,2nd Flr SF,Total Bsmt SF,Garage Area,Year Built
215000,1656,0,1080.0,528.0,1960
105000,896,0,882.0,730.0,1961
172000,1329,0,1329.0,312.0,1958
244000,2110,0,2110.0,522.0,1968
189900,928,701,928.0,482.0,1997
195500,926,678,926.0,470.0,1998
189000,1028,776,994.0,442.0,1999
175900,763,892,763.0,440.0,1993
185000,1187,0,1168.0,420.0,1992
180400,789,676,789.0,393.0,1998
171500,1341,0,1300.0,506.0,1990
538000,1690,1589,1650.0,841.0,2003
164000,1080,672,559.0,492.0,1988
141000,864,0,864.0,400.0,1951
210000,2073,0,1542.0,500.0,1978
190000,1844,0,1844.0,546.0,1977
216000,814,860,814.0,663.0,2000
149000,1004,0,1004.0,480.0,1970
149900,1078,0,1078.0,500.0,1971
142000,1056,0,1056.0,304.0,1968
126000,882,0,882.0,525.0,1970
115000,864,0,864.0,0.0,1971
306000,1704,0,1704.0,772.0,2007
275000,1698,0,1698.0,730.0,2005
259000,1822,0,1822.0,678.0,2005
214000,1535,0,1517.0,532.0,2004
500000,2696,0,2846.0,958.0,2003
320000,1687,563,1671.0,756.0,2002
199500,1324,0,1324.0,430.0,2005
184500,744,630,384.0,400.0,2004
216500,860,1100,860.0,440.0,2002
185088,847,886,847.0,433.0,2004
180000,774,656,384.0,400.0,2000
222500,884,1151,884.0,434.0,2001
333168,1422,1177,1393.0,779.0,1999
355000,1645,830,1629.0,962.0,1998
260400,1720,0,1720.0,527.0,1996
325000,1500,1122,1463.0,712.0,1994
290000,1164,1106,1152.0,671.0,1999
221000,1195,644,1195.0,486.0,1998
410000,2053,1185,2033.0,666.0,1995
221500,1595,0,1595.0,880.0,2005
215200,764,783,756.0,614.0,2009
262500,1566,0,1566.0,750.0,2008
254900,991,956,991.0,678.0,2004
271500,1468,0,1468.0,528.0,2005
233000,956,1128,956.0,618.0,2004
181000,831,828,831.0,484.0,2004
205000,1222,888,948.0,463.0,1994
189000,1055,790,1055.0,462.0,1992
194500,1014,730,996.0,457.0,1993
152000,1097,0,1040.0,480.0,1984
171000,888,676,650.0,476.0,1980
67500,1012,0,816.0,429.0,1920
148000,1155,0,1109.0,576.0,1961
138500,894,0,894.0,336.0,1965
122000,900,0,882.0,280.0,1967
133000,1040,0,1040.0,308.0,1963
127000,1040,0,1040.0,260.0,1962
190000,1061,862,750.0,564.0,1992
362500,1251,1098,1231.0,762.0,1993
285000,1402,823,1390.0,713.0,1992
254000,975,873,975.0,592.0,2000
130500,725,754,725.0,475.0,1976
230000,1492,0,1492.0,596.0,2002
218500,1829,0,1829.0,535.0,1967
243500,1280,1215,1280.0,660.0,1993
205000,1610,0,1610.0,480.0,1977
212500,1287,604,1224.0,678.0,1978
196500,980,734,980.0,496.0,1988
197500,1381,0,1161.0,676.0,1972
171000,930,715,715.0,441.0,1971
142250,1232,0,1232.0,490.0,1966
143000,1328,0,1328.0,528.0,1963
128950,1225,0,950.0,0.0,1959
159000,1209,0,1209.0,504.0,1966
178900,1510,0,1510.0,517.0,1967
180500,1152,0,1152.0,484.0,1964
142125,1078,0,1078.0,240.0,1950
197600,1929,532,1140.0,400.0,1952
172500,1019,537,782.0,470.0,1949
116500,858,0,858.0,0.0,1958
76500,1306,0,728.0,0.0,1940
128000,1063,0,1056.0,280.0,1954
153000,1520,0,1156.0,364.0,1955
132000,1268,0,1268.0,244.0,1954
178000,1128,0,1080.0,315.0,1966
180000,2207,0,1947.0,576.0,1970
190000,1888,0,1517.0,578.0,1966
214000,1480,0,1480.0,620.0,2003
136000,1143,0,1143.0,308.0,1959
165500,1700,0,1398.0,447.0,1959
145000,1314,0,1314.0,294.0,1957
148000,1194,0,1194.0,312.0,1959
167500,1264,0,1268.0,461.0,1960
108538,1206,0,1206.0,312.0,1959
159500,1580,0,1244.0,440.0,1959
108000,832,505,832.0,263.0,1956
135000,1064,0,864.0,318.0,1952
122500,972,0,972.0,305.0,1955
105000,985,0,576.0,676.0,1920
107500,827,0,0.0,392.0,1955
144900,1086,0,1086.0,490.0,1954
129000,936,0,936.0,308.0,1956
162000,1287,0,1063.0,576.0,1959
242000,1898,1080,710.0,564.0,1967
132000,816,408,816.0,280.0,1948
154000,1246,0,1246.0,305.0,1959
166000,910,475,910.0,720.0,1952
134800,900,0,900.0,576.0,1951
160000,1116,0,1116.0,440.0,1962
148000,1175,0,1175.0,484.0,1960
192000,1395,0,1395.0,440.0,1963
155000,1051,788,756.0,442.0,1966
96500,792,348,576.0,0.0,1910
109500,936,0,936.0,0.0,1920
115000,1028,0,1008.0,360.0,1927
143000,1347,0,1347.0,551.0,1957
107400,840,765,840.0,379.0,1915
80000,747,0,747.0,220.0,1945
130000,926,0,926.0,484.0,1929
119000,827,424,827.0,240.0,1938
129000,1027,606,1027.0,240.0,1948
100000,1060,185,1008.0,315.0,1920
105900,720,0,624.0,484.0,1928
139000,966,686,686.0,416.0,1915
240000,1157,1111,346.0,624.0,1890
149700,1236,0,912.0,923.0,1957
125500,741,622,622.0,528.0,1910
140750,868,602,738.0,624.0,1922
128500,1030,582,988.0,363.0,1950
209500,1160,908,1108.0,315.0,1922
87000,765,0,765.0,200.0,1925
128000,848,348,572.0,576.0,1940
132000,955,498,835.0,240.0,1942
139900,780,636,780.0,312.0,1948
123900,548,492,528.0,624.0,1936
138400,928,608,928.0,480.0,1930
109500,1068,0,1124.0,288.0,1923
140000,902,808,576.0,480.0,1921
149500,888,1074,888.0,572.0,1915
159900,780,780,780.0,0.0,1912
122000,662,662,662.0,180.0,1920
244400,1207,1196,1032.0,349.0,1940
173000,1675,0,1422.0,365.0,1959
107500,725,499,689.0,180.0,1917
95000,600,319,600.0,231.0,1940
94000,780,240,780.0,0.0,1875
121500,1392,0,1392.0,528.0,1957
125000,912,0,912.0,336.0,1967
154000,1060,0,1060.0,270.0,1968
137900,892,0,864.0,416.0,1966
158000,663,689,663.0,299.0,1969
137250,864,0,864.0,280.0,1968
163000,720,720,720.0,480.0,1968
328000,1306,954,1306.0,533.0,1996
270000,1483,0,1420.0,690.0,1977
85000,756,0,660.0,440.0,1927
128000,1067,0,1067.0,436.0,1950
260000,1332,192,1332.0,586.0,1979
230000,1117,864,1117.0,522.0,1978
124000,1052,558,972.0,480.0,1938
144500,1074,0,663.0,467.0,1950
129000,1144,0,1144.0,596.0,1956
127000,1169,0,756.0,209.0,1947
128000,1172,0,1172.0,366.0,1954
186000,1212,0,1212.0,460.0,2009
114000,1298,0,1250.0,504.0,1964
178000,977,755,741.0,476.0,1985
270000,1433,0,1433.0,528.0,1987
218000,964,838,946.0,1017.0,1993
236000,1062,887,1050.0,574.0,1993
147000,996,0,936.0,564.0,1992
245350,1694,0,1694.0,776.0,2008
206000,1208,0,1187.0,632.0,2006
198900,1226,0,1226.0,740.0,2009
187000,1222,0,1222.0,615.0,2010
320000,1699,1523,1673.0,594.0,1990
138500,831,614,676.0,484.0,1900
155000,1052,0,1010.0,440.0,1971
159000,965,0,870.0,580.0,1996
191000,892,800,878.0,513.0,1997
200500,804,878,804.0,523.0,1998
150000,1026,0,1026.0,308.0,1977
161750,689,703,689.0,299.0,1977
128200,894,0,894.0,308.0,1976
127000,876,0,876.0,484.0,1972
318000,1978,0,1978.0,850.0,2003
272000,1601,0,1581.0,670.0,2001
237000,941,888,941.0,613.0,2003
240000,1044,1054,1040.0,621.0,1997
224900,1661,0,1649.0,598.0,1998
232000,1668,0,1657.0,502.0,2003
213000,1484,0,1473.0,606.0,2004
185500,1414,0,1414.0,494.0,2004
84900,640,0,0.0,240.0,1945
144000,1196,0,1196.0,336.0,1968
125200,1096,0,1008.0,352.0,1975
90000,960,0,960.0,0.0,1958
140000,1121,0,1121.0,440.0,2003
113000,798,689,735.0,220.0,1945
144500,1526,0,1216.0,364.0,1957
104000,1296,0,1107.0,260.0,1924
128000,841,806,806.0,216.0,1915
58500,864,0,864.0,200.0,1914
127000,1026,665,1026.0,308.0,1924
126000,856,0,856.0,399.0,1939
100000,894,772,894.0,0.0,1931
169000,1699,748,804.0,336.0,1919
257500,1225,908,1528.0,312.0,1941
266500,1188,1152,1152.0,252.0,1941
335000,1902,0,1902.0,567.0,1959
203135,896,756,423.0,473.0,1994
289000,1801,0,1501.0,484.0,1959
125500,796,358,796.0,240.0,1922
82000,540,0,480.0,200.0,1941
110000,727,380,629.0,625.0,1921
254900,1036,880,1049.0,741.0,1998
190000,1285,0,1243.0,473.0,1977
201000,1560,0,1560.0,573.0,2003
169900,1034,0,1012.0,888.0,1976
160000,1687,0,747.0,572.0,1948
220000,1346,0,1336.0,660.0,2008
174000,744,700,384.0,400.0,2006
214900,824,1070,817.0,510.0,2002
202900,993,915,967.0,431.0,2002
378500,2018,0,2002.0,746.0,2008
169000,1264,0,1068.0,528.0,1965
173500,1430,0,1430.0,624.0,2004
166500,1344,0,1344.0,686.0,1999
130000,874,0,864.0,352.0,1971
157900,1188,0,1188.0,312.0,1962
149900,833,0,833.0,495.0,1984
136000,624,650,624.0,576.0,1991
161000,864,615,864.0,275.0,1969
285000,1803,0,1679.0,482.0,1994
231000,1152,645,1152.0,616.0,1993
124500,882,0,882.0,502.0,1956
157000,1434,0,1434.0,528.0,1974
345000,2000,704,1952.0,538.0,1972
189500,945,663,945.0,470.0,1997
270000,1008,1275,1008.0,632.0,2003
189000,958,670,384.0,390.0,1996
377500,1746,0,1746.0,758.0,2006
168500,804,670,384.0,400.0,1995
240000,1478,0,1418.0,495.0,1998
177500,751,631,384.0,396.0,1998
185000,885,833,832.0,427.0,1998
191000,952,684,952.0,440.0,1998
178000,799,772,799.0,380.0,1993
185000,680,790,680.0,420.0,1993
181316,707,809,707.0,409.0,1994
166000,1190,0,1181.0,430.0,1993
178000,808,785,808.0,389.0,1992
174000,702,779,702.0,343.0,1994
173000,1167,0,1158.0,400.0,1992
225000,1005,978,978.0,490.0,1999
180500,1442,0,1424.0,500.0,1990
260000,1530,0,1530.0,430.0,2005
185000,946,988,1122.0,567.0,1977
260000,1153,1200,845.0,484.0,1980
181000,1586,0,1362.0,435.0,1979
215000,1602,0,1602.0,529.0,1977
200000,1671,0,1427.0,484.0,1978
249000,1539,1134,1043.0,441.0,1980
187500,1472,0,1372.0,588.0,1980
184000,1707,0,1140.0,479.0,1978
278000,2524,0,2524.0,542.0,1981
197500,1088,780,780.0,484.0,1976
240900,1016,868,926.0,581.0,2003
220000,1058,816,1058.0,588.0,2000
235000,972,839,972.0,565.0,2002
213000,1621,0,1621.0,478.0,1975
167900,1116,0,1116.0,528.0,1974
158000,1193,0,1176.0,506.0,1975
165000,1350,0,1064.0,478.0,1974
148500,1002,0,1002.0,902.0,1970
156000,1026,0,1026.0,440.0,1969
128000,1180,0,1180.0,477.0,1970
143000,1050,0,1043.0,336.0,1971
120500,864,0,864.0,660.0,1970
124500,864,0,864.0,463.0,1970
130000,864,0,864.0,576.0,1971
100000,892,0,892.0,288.0,1967
148800,1120,0,864.0,656.0,1966
337500,1718,0,1700.0,786.0,2006
462000,1794,978,1776.0,754.0,2007
555000,2402,0,3094.0,672.0,2008
325000,1652,0,1652.0,840.0,2006
256300,1600,0,1566.0,890.0,2007
335000,1130,1054,1104.0,836.0,2008
404000,2020,0,2020.0,896.0,2008
451950,1728,568,1722.0,842.0,2008
610000,2674,0,2630.0,762.0,2007
360000,1736,0,1736.0,834.0,2008
296000,1782,0,1782.0,932.0,2004
255500,1717,0,1709.0,908.0,2006
335000,1743,0,1739.0,927.0,2008
274900,1713,0,1713.0,856.0,2004
300000,1531,0,1504.0,700.0,2006
324000,1808,0,1774.0,850.0,2008
350000,1462,762,1462.0,738.0,2004
280000,1836,0,1836.0,862.0,2004
284000,1629,0,3206.0,880.0,2003
269500,1760,0,1760.0,583.0,2003
386250,2392,0,2392.0,968.0,2003
445000,2452,0,2452.0,886.0,2003
290000,1105,1295,1082.0,730.0,2003
255900,1606,0,1598.0,871.0,2006
382500,2200,0,2200.0,685.0,2003
286500,1712,0,1712.0,701.0,2002
184000,728,728,728.0,390.0,2005
167800,745,745,745.0,392.0,2005
174000,742,742,742.0,390.0,2005
174000,684,876,684.0,400.0,2005
188500,716,716,716.0,432.0,2004
200000,1010,1257,1010.0,390.0,2002
170000,744,630,384.0,400.0,2004
189500,868,762,868.0,436.0,2004
184100,779,640,408.0,527.0,2002
195500,846,748,846.0,434.0,2004
192000,806,683,782.0,400.0,2003
178000,698,644,698.0,393.0,2003
236000,980,1276,952.0,554.0,2000
257500,878,1126,870.0,644.0,2002
244000,1022,1032,992.0,390.0,2000
167000,744,630,384.0,400.0,2004
179000,1007,793,982.0,463.0,2000
190000,819,695,794.0,394.0,2000
156000,774,656,384.0,400.0,1999
245000,1223,1089,1177.0,658.0,1999
181000,892,783,841.0,502.0,1999
214000,1022,1038,992.0,390.0,1999
168000,774,656,384.0,410.0,1999
337000,1268,1097,1252.0,856.0,1999
403000,1490,1304,1462.0,810.0,1995
327000,1466,1221,1455.0,810.0,2000
340000,1310,1140,1284.0,1069.0,1998
336000,1276,1336,1225.0,676.0,1998
265000,1277,1067,1264.0,889.0,1996
315000,2063,0,2024.0,815.0,1994
260000,1372,1274,1347.0,656.0,1993
260000,1094,967,1070.0,647.0,1995
263550,1215,1017,1173.0,623.0,1993
402000,1686,762,1629.0,711.0,1994
248000,979,871,973.0,467.0,1994
275000,1696,0,1696.0,972.0,2008
257500,1658,0,1614.0,726.0,2008
275500,1702,0,1702.0,844.0,2007
245000,1432,0,1422.0,492.0,2006
253000,1113,858,1113.0,689.0,2005
468000,2490,0,2458.0,795.0,2005
210000,786,804,768.0,676.0,2008
229800,1402,0,1402.0,625.0,2008
250000,1530,0,1530.0,984.0,2007
238500,1448,0,1372.0,692.0,2006
310000,1026,981,1017.0,812.0,2008
270000,909,886,900.0,782.0,2006
252000,1082,871,1082.0,1043.0,2005
241000,1112,438,1092.0,438.0,2006
291000,1662,0,1652.0,711.0,2006
263000,912,1182,912.0,615.0,2003
185000,1221,0,1221.0,400.0,2004
234500,1553,0,1553.0,588.0,2003
209000,812,841,812.0,628.0,2003
159000,1218,0,1218.0,576.0,2007
152000,1141,0,1141.0,484.0,2006
143500,1158,0,1158.0,0.0,2004
193000,871,941,835.0,478.0,2004
203000,1512,0,1512.0,845.0,2004
184900,1200,0,1176.0,555.0,2003
159000,1114,0,1114.0,576.0,2004
142000,1114,0,1114.0,0.0,2004
153000,1114,0,1114.0,576.0,2003
220000,913,1209,913.0,559.0,1996
189000,1434,0,1454.0,527.0,2001
171500,833,897,816.0,528.0,1992
184000,754,786,754.0,495.0,1994
162000,698,702,676.0,465.0,1986
82000,841,0,721.0,294.0,1950
76000,784,0,784.0,360.0,1928
110000,980,0,980.0,400.0,1962
135000,980,0,980.0,484.0,1977
141000,864,0,864.0,732.0,1961
122000,864,0,864.0,440.0,1961
129000,912,0,912.0,300.0,1963
131400,1144,0,864.0,264.0,1961
62383,864,0,864.0,360.0,1965
123000,912,0,912.0,252.0,1962
275000,2014,0,2014.0,864.0,1980
235000,975,780,975.0,524.0,1991
318750,1694,0,1694.0,642.0,1977
241600,1740,0,1740.0,540.0,1981
150000,1620,0,1281.0,490.0,1976
154000,829,727,727.0,441.0,1968
185000,1442,0,1442.0,615.0,1970
185750,1489,0,1489.0,462.0,1968
200000,1107,983,1107.0,484.0,1973
206000,1285,782,752.0,784.0,1974
162000,735,660,723.0,497.0,1972
256900,1271,1369,932.0,515.0,1967
197900,1724,0,1680.0,480.0,1967
163000,1336,0,1288.0,502.0,1969
230000,1316,972,908.0,520.0,1977
167900,1334,0,1350.0,630.0,1977
213250,1680,0,1650.0,583.0,1998
227000,810,855,810.0,528.0,2001
130000,864,0,864.0,312.0,1967
143000,1568,0,1568.0,440.0,1967
117500,925,0,925.0,429.0,1965
172500,1320,0,1232.0,495.0,1971
161500,1342,0,1372.0,457.0,1967
141500,894,0,894.0,396.0,1960
118000,864,0,864.0,308.0,1959
127500,864,0,864.0,300.0,1959
140000,1362,0,1040.0,768.0,1957
177625,1728,0,1048.0,576.0,1956
167000,1516,0,1516.0,472.0,1964
153000,1313,0,1313.0,610.0,1961
154000,1154,0,1154.0,480.0,1966
177500,825,1315,744.0,549.0,1965
158000,1445,0,1127.0,645.0,1964
124500,1041,0,1041.0,270.0,1959
174500,1576,0,1208.0,368.0,1961
122000,960,0,960.0,330.0,1955
82500,708,0,420.0,0.0,1940
110000,979,224,709.0,352.0,1950
149500,1505,0,1505.0,505.0,1953
175000,1691,0,1680.0,550.0,1967
167000,1644,0,1416.0,418.0,1953
128900,1050,0,1050.0,338.0,1956
140000,1112,556,856.0,271.0,1950
147000,1113,0,1113.0,264.0,1950
187500,1453,0,1453.0,530.0,1961
159000,1394,0,1394.0,514.0,1963
256000,1567,0,1562.0,542.0,1966
205000,1186,800,768.0,486.0,1965
193500,1182,960,896.0,509.0,1968
110000,1392,0,1392.0,576.0,1968
104900,1281,457,715.0,368.0,1920
150000,1144,0,1169.0,286.0,1956
156500,1478,0,1478.0,442.0,1957
176000,1329,0,1329.0,441.0,1960
149500,988,0,988.0,297.0,1959
139000,1632,0,1240.0,338.0,1958
155000,1215,0,1215.0,297.0,1958
153000,1382,0,1382.0,350.0,1955
176000,1382,0,1362.0,884.0,1962
153000,1297,0,1297.0,498.0,1954
131000,1062,0,1062.0,297.0,1954
123000,1319,0,608.0,270.0,1953
126000,1112,0,631.0,480.0,1951
115000,1005,0,1005.0,672.0,1955
164900,1363,0,1008.0,288.0,1951
113000,793,0,793.0,240.0,1945
145500,1031,0,1031.0,230.0,1952
102900,1210,0,0.0,616.0,1953
152500,801,726,699.0,410.0,1948
129900,1200,0,1200.0,246.0,1950
132000,972,0,972.0,240.0,1948
99900,792,0,792.0,366.0,1958
135000,808,704,660.0,180.0,1916
149000,676,676,676.0,720.0,1939
114000,717,322,405.0,281.0,1900
109500,792,0,768.0,240.0,1924
125000,1078,0,1054.0,264.0,1925
142900,1313,0,1313.0,528.0,1915
156500,930,760,560.0,624.0,1910
59000,599,0,416.0,0.0,1940
105000,840,534,840.0,338.0,1920
106000,846,0,720.0,576.0,1920
78500,725,0,630.0,320.0,1890
154000,1380,0,1380.0,364.0,1963
163000,1040,0,1040.0,480.0,1967
143500,951,0,951.0,480.0,1958
135000,1105,0,1105.0,308.0,1957
153000,1306,0,992.0,756.0,1957
157500,1478,0,1478.0,498.0,1960
113500,1142,0,160.0,384.0,1958
133000,1036,0,832.0,288.0,1949
138000,1136,768,1208.0,240.0,1950
128000,1041,0,1041.0,294.0,1958
118900,732,0,732.0,240.0,1952
138000,1183,0,528.0,288.0,1959
132500,1148,0,1148.0,672.0,1959
133500,832,629,832.0,384.0,1949
144750,993,813,780.0,483.0,1964
127000,1045,0,1045.0,264.0,1963
109500,894,0,894.0,308.0,1962
115000,818,406,818.0,210.0,1926
110000,682,548,440.0,440.0,1910
128900,861,517,901.0,162.0,1935
130000,810,496,240.0,472.0,1910
129000,764,700,504.0,0.0,1910
150000,868,690,690.0,400.0,1939
107500,1378,994,994.0,432.0,1892
135000,707,682,651.0,240.0,1946
103000,801,646,801.0,0.0,1910
129500,768,560,768.0,308.0,1950
80000,861,0,861.0,288.0,1920
45000,612,0,0.0,308.0,1940
91300,886,0,190.0,273.0,1938
99500,792,0,624.0,287.0,1923
87500,833,677,677.0,720.0,1910
110000,720,564,720.0,240.0,1947
106000,1075,1063,849.0,360.0,1898
265979,1320,1320,1240.0,864.0,1880
160000,1090,917,917.0,357.0,1900
119000,664,624,624.0,280.0,1917
168000,916,826,916.0,424.0,1882
58500,816,0,624.0,0.0,1910
143000,832,650,650.0,324.0,1920
85000,1022,0,1022.0,280.0,1910
124900,1188,561,1088.0,456.0,1890
146500,780,741,741.0,640.0,1910
223500,1072,504,1324.0,528.0,1923
149000,1432,0,1022.0,216.0,1923
205000,952,596,952.0,672.0,1925
137000,1001,653,297.0,336.0,1930
121000,952,0,952.0,192.0,1916
128000,757,567,672.0,240.0,1936
134900,786,390,698.0,624.0,1937
117000,884,464,884.0,216.0,1925
132500,825,587,780.0,280.0,1939
93000,822,320,468.0,320.0,1924
119000,904,0,884.0,180.0,1926
100000,1301,0,1145.0,440.0,1924
141500,1067,472,927.0,576.0,1936
133000,989,584,884.0,240.0,1935
60000,800,0,264.0,0.0,1936
105000,875,0,715.0,180.0,1931
150000,994,588,952.0,250.0,1938
126500,1072,0,1072.0,1184.0,1925
214500,1445,689,844.0,441.0,1916
167500,1136,883,728.0,532.0,1910
155000,1048,720,1048.0,576.0,1915
155000,916,910,910.0,164.0,1915
179900,1272,672,672.0,216.0,1915
149000,1146,784,720.0,316.0,1927
103000,848,0,780.0,539.0,1925
123000,741,686,483.0,379.0,1915
135000,1204,462,1204.0,384.0,1927
88750,704,0,560.0,220.0,1946
61000,904,0,683.0,0.0,1922
103600,697,672,672.0,300.0,1925
63000,687,425,585.0,226.0,1934
175000,1464,0,520.0,480.0,1963
139000,1121,0,1121.0,480.0,1963
172500,918,765,918.0,440.0,1978
130000,899,0,864.0,288.0,1967
149900,1034,0,456.0,504.0,1978
134900,858,0,858.0,576.0,1982
137000,860,0,840.0,528.0,1982
139000,1092,0,1092.0,288.0,1962
165000,904,611,552.0,384.0,1961
148000,1138,0,1138.0,480.0,1960
165000,2071,0,825.0,336.0,1956
63900,660,0,0.0,0.0,1947
161500,1104,684,1104.0,304.0,1957
135000,1229,0,1134.0,284.0,1956
82500,861,0,861.0,539.0,1940
190000,1867,0,1617.0,303.0,1955
139600,1733,0,0.0,452.0,1955
122000,1383,0,0.0,498.0,1954
127500,1689,0,1436.0,480.0,1956
121500,1073,0,1073.0,340.0,1956
154400,892,747,747.0,240.0,1946
113000,672,0,672.0,234.0,1941
125000,1089,0,1089.0,252.0,1954
84000,845,0,0.0,290.0,1957
131000,1148,568,768.0,281.0,1949
105000,698,560,560.0,280.0,1939
108000,755,755,755.0,296.0,1940
162000,1061,0,1054.0,462.0,1990
156500,1338,0,520.0,576.0,1983
316600,1496,636,1496.0,612.0,1983
271900,2196,0,2158.0,701.0,1990
213000,1006,769,740.0,425.0,1993
239900,1079,800,1079.0,473.0,1993
239500,1142,878,1128.0,466.0,1995
131000,1288,728,0.0,576.0,1880
297000,1718,0,1705.0,826.0,2007
295493,1630,0,1622.0,860.0,2008
332000,1720,0,1720.0,846.0,2008
239900,1468,0,1468.0,904.0,2008
212000,866,902,866.0,578.0,2007
272500,1838,0,1838.0,524.0,2007
239000,1800,0,1800.0,702.0,2007
200000,1290,0,1282.0,662.0,2007
221800,1254,0,1254.0,810.0,2008
194500,1232,0,1232.0,632.0,2007
237000,1498,0,1498.0,844.0,2005
173000,704,718,704.0,440.0,2005
275000,1644,0,1518.0,569.0,1989
233500,944,815,1449.0,525.0,1992
152000,1040,0,1040.0,576.0,1996
143000,990,0,990.0,440.0,1994
231500,928,836,928.0,470.0,1997
212000,827,834,799.0,550.0,1996
207000,1463,0,1463.0,539.0,1998
145000,1097,0,1097.0,672.0,1994
138000,990,0,990.0,480.0,1994
197900,866,913,866.0,546.0,1998
204000,1501,0,1490.0,577.0,1999
192000,1431,0,1431.0,666.0,1999
200000,928,844,928.0,492.0,1998
195000,831,829,831.0,493.0,2002
227000,1573,0,1573.0,544.0,2002
230000,944,896,944.0,622.0,2001
187100,1430,0,1413.0,605.0,2001
203000,1444,0,1431.0,577.0,2002
124000,1040,0,1040.0,0.0,1978
140000,907,0,907.0,343.0,1978
134900,914,0,914.0,444.0,1979
150500,1040,0,1040.0,484.0,1977
136500,864,0,864.0,336.0,1978
143500,1268,0,1268.0,252.0,1977
133500,864,0,864.0,338.0,1972
123000,894,0,894.0,600.0,1972
133900,768,0,768.0,396.0,1972
133000,768,0,768.0,396.0,1972
250000,1611,0,1569.0,1231.0,2002
254750,1068,1116,1068.0,570.0,2003
236500,1788,0,1753.0,522.0,2001
261500,1299,573,1299.0,531.0,2001
313000,1476,677,1440.0,736.0,2000
198500,840,885,840.0,550.0,2002
211000,944,926,944.0,608.0,2001
220000,1513,0,1462.0,521.0,1999
203000,1504,0,1504.0,478.0,1996
279500,1828,0,1822.0,523.0,2002
210000,1417,0,1417.0,511.0,1997
219500,1057,977,1057.0,645.0,1997
191000,909,807,880.0,512.0,1996
178000,1212,0,1212.0,573.0,2001
213000,1630,0,1630.0,451.0,2000
293200,1602,0,1578.0,810.0,2007
190000,864,864,864.0,572.0,2004
190000,1500,0,1500.0,570.0,2004
173500,738,738,738.0,540.0,2005
170000,608,788,608.0,440.0,2007
108000,1126,0,0.0,520.0,1949
167000,1486,0,1486.0,480.0,1964
100000,816,0,816.0,288.0,1938
198500,495,1427,0.0,672.0,2003
159500,698,728,690.0,440.0,1977
127000,1149,0,1014.0,544.0,1960
320000,1698,0,1698.0,768.0,2007
118000,698,0,698.0,0.0,1947
85000,876,0,876.0,320.0,1959
120000,1368,0,1078.0,195.0,1950
98000,1088,441,0.0,240.0,1945
99900,864,0,864.0,0.0,1922
82000,944,0,0.0,528.0,1952
103500,1560,0,1150.0,313.0,1956
110000,684,512,684.0,528.0,1920
122000,854,444,720.0,256.0,1941
117000,984,620,984.0,660.0,1941
60000,438,0,290.0,246.0,1920
139500,944,545,778.0,240.0,1940
197000,1687,998,824.0,672.0,1920
105000,647,595,583.0,180.0,1935
135000,1328,653,1122.0,576.0,1928
147500,1232,0,816.0,440.0,1916
137450,1160,448,976.0,216.0,1925
155000,575,560,560.0,576.0,1936
177000,1172,741,896.0,342.0,1928
145000,877,600,861.0,216.0,1928
137000,628,600,600.0,215.0,1918
234000,1276,804,1276.0,282.0,1926
205000,840,727,840.0,440.0,1940
177500,753,741,771.0,213.0,1942
160000,976,332,728.0,256.0,1940
155000,1273,0,1273.0,307.0,1960
163500,964,0,876.0,432.0,1921
154900,820,523,731.0,186.0,1921
174500,860,704,704.0,234.0,1941
193000,1561,0,1561.0,463.0,1960
158000,986,537,1067.0,295.0,1949
224000,1906,0,1310.0,576.0,1954
208000,1182,800,572.0,501.0,1986
315000,2365,0,1803.0,551.0,1971
222000,1680,0,880.0,540.0,1988
147000,672,672,672.0,468.0,1920
123000,928,928,760.0,576.0,1900
78000,596,596,596.0,189.0,1920
75000,572,0,572.0,200.0,1925
57625,810,0,0.0,280.0,1910
251000,1040,1012,1107.0,642.0,2000
240000,1710,0,1710.0,550.0,2004
215000,804,1157,804.0,560.0,2001
156450,926,0,902.0,351.0,1977
173000,1287,0,957.0,541.0,1977
173000,1217,0,1188.0,497.0,1990
375000,2036,0,2136.0,513.0,1965
315500,1620,0,1620.0,912.0,2007
410000,2036,0,2190.0,780.0,2008
316500,1641,0,1641.0,885.0,2008
201000,1466,0,1466.0,610.0,2007
175000,1412,0,1392.0,576.0,1988
204000,1375,862,712.0,440.0,1980
213500,1479,0,1645.0,578.0,1987
220000,1296,0,1267.0,471.0,2001
315000,1838,0,1838.0,765.0,2006
425000,1978,0,1978.0,920.0,2007
139500,1008,0,1008.0,384.0,1968
115000,1771,0,0.0,336.0,1960
130000,874,0,864.0,288.0,1968
160000,1404,0,1188.0,504.0,1969
131900,796,0,796.0,336.0,1972
131250,1091,0,384.0,429.0,1993
165500,1110,0,1097.0,602.0,1978
112000,833,0,833.0,0.0,1985
149000,883,0,828.0,698.0,1992
143000,796,566,796.0,480.0,1993
130000,624,663,624.0,440.0,1992
196000,1567,0,1567.0,714.0,1977
173000,784,848,784.0,898.0,1969
176500,1414,0,1184.0,601.0,1958
237500,2117,0,1205.0,550.0,1970
206900,1092,1020,952.0,576.0,1969
187500,926,678,926.0,470.0,1997
165000,680,790,680.0,420.0,1995
195500,926,678,926.0,472.0,1998
192000,943,695,943.0,472.0,1998
173000,916,720,916.0,386.0,1996
177900,1384,0,1348.0,404.0,1996
175000,729,717,729.0,406.0,1996
247900,1682,0,1664.0,528.0,1997
181000,926,678,926.0,470.0,1997
188000,773,885,773.0,431.0,1995
194500,1086,809,712.0,409.0,1994
185000,851,858,836.0,416.0,1991
355000,1168,1332,1168.0,683.0,2005
325000,1134,1370,1122.0,656.0,2005
387000,1884,0,1884.0,670.0,2004
115000,1474,0,1632.0,495.0,1952
215000,1236,857,791.0,542.0,1986
226500,1688,0,1675.0,528.0,1988
175500,1422,0,1422.0,576.0,1981
181900,1260,0,1260.0,598.0,1983
235000,2064,0,2048.0,550.0,1978
220000,1782,0,1782.0,551.0,1979
272000,1542,1330,1330.0,619.0,1977
161000,1211,0,1211.0,461.0,1976
185000,1277,767,738.0,489.0,1980
146900,720,588,720.0,484.0,1969
292500,1420,1420,1420.0,1314.0,1978
159900,1444,0,1444.0,473.0,1976
205000,1098,866,803.0,483.0,1976
157000,1178,0,1176.0,439.0,1973
306000,1236,1104,1236.0,787.0,1996
151000,1054,0,1054.0,460.0,1969
111900,936,0,936.0,288.0,1969
123000,864,0,864.0,576.0,1971
111250,864,0,864.0,576.0,1972
110000,892,0,864.0,264.0,1966
417500,2464,0,2418.0,650.0,2007
383000,1950,0,1950.0,706.0,2007
460000,1632,1158,1620.0,1150.0,2005
379000,1414,917,1414.0,1003.0,2005
250000,948,1140,948.0,656.0,2007
316000,1170,1162,1148.0,756.0,2004
615000,2470,0,2535.0,789.0,2003
412500,1572,1096,1572.0,726.0,2003
284000,1006,1040,998.0,871.0,2003
284000,1575,0,1603.0,732.0,2003
421250,1515,1134,1479.0,746.0,2001
370000,1804,886,1765.0,795.0,2003
159895,1266,0,1266.0,388.0,2007
179000,813,702,789.0,393.0,2004
193000,864,729,839.0,398.0,2004
190000,1166,0,856.0,400.0,2005
176000,728,728,728.0,400.0,2005
188000,840,880,840.0,400.0,2002
213000,847,1139,847.0,434.0,2003
186500,962,830,936.0,451.0,2000
226750,1008,884,982.0,431.0,2000
184000,788,702,788.0,388.0,2004
176000,707,707,707.0,403.0,2002
225000,1037,1285,1037.0,400.0,1999
185900,873,778,831.0,450.0,1999
284500,1182,1017,1173.0,516.0,1997
315000,1470,1160,1470.0,696.0,1998
250000,1145,1053,1145.0,836.0,2000
291000,1533,639,1519.0,687.0,2000
350000,2006,0,1982.0,938.0,1998
279500,1064,1061,1064.0,576.0,1996
290000,1251,1250,1242.0,751.0,1995
350000,2113,0,2109.0,839.0,1995
341000,1325,1093,1311.0,983.0,1993
287500,1108,1089,1080.0,783.0,1993
271000,1223,904,1223.0,525.0,1994
301500,1987,0,1986.0,691.0,1994
214000,894,1039,894.0,668.0,2007
232000,1574,0,1574.0,824.0,2006
240000,1578,0,1578.0,642.0,2006
245000,1563,0,1563.0,758.0,2007
257000,1341,520,1341.0,851.0,2007
247000,1460,0,1460.0,480.0,2006
226700,866,902,866.0,603.0,2005
250000,1053,939,1053.0,648.0,2003
250000,1026,932,1026.0,936.0,2005
205950,822,843,813.0,562.0,2007
256000,1660,0,1660.0,660.0,2007
207500,864,864,864.0,673.0,2003
141000,1080,0,1080.0,0.0,2004
188000,835,861,835.0,542.0,2003
192500,835,828,835.0,478.0,2003
146000,1175,0,1175.0,0.0,2005
159000,1114,0,1114.0,576.0,2004
155000,1114,0,1114.0,576.0,2003
173000,798,842,798.0,520.0,2004
170000,1162,0,1162.0,483.0,2007
182000,754,855,754.0,525.0,1995
163000,886,794,886.0,474.0,1993
193500,1679,0,1408.0,575.0,1994
189000,832,825,832.0,483.0,1994
190500,827,850,827.0,627.0,2001
175000,844,893,836.0,506.0,1992
179200,1294,0,1278.0,496.0,1991
187000,832,878,832.0,506.0,1993
128000,984,0,984.0,384.0,1963
144000,912,0,912.0,352.0,1962
135000,864,0,864.0,420.0,1961
142000,912,0,912.0,288.0,1961
192000,1430,0,1430.0,484.0,1974
140000,1001,640,1001.0,490.0,1972
290000,1364,1319,930.0,473.0,1990
372500,1827,959,1848.0,636.0,1993
223000,872,917,858.0,546.0,2001
162500,1232,0,1232.0,516.0,1984
290000,1671,0,1426.0,550.0,1976
205000,952,860,952.0,469.0,2002
174000,1682,0,1304.0,530.0,1970
183000,1427,0,1427.0,516.0,1969
215000,1620,0,1620.0,578.0,1967
240000,1548,1066,1522.0,624.0,1974
141000,732,732,732.0,470.0,1968
147000,912,0,912.0,576.0,1965
135000,925,0,912.0,576.0,1965
170000,845,825,825.0,464.0,1971
299800,1175,1540,1142.0,831.0,1976
185000,943,933,901.0,540.0,1974
173000,800,832,800.0,484.0,1966
178400,999,0,944.0,588.0,1961
176000,1098,880,832.0,486.0,1968
98000,1014,0,0.0,267.0,1956
109008,907,0,907.0,352.0,1957
135750,952,0,952.0,283.0,1956
155000,1128,0,1120.0,525.0,1963
180500,1425,0,1425.0,576.0,1964
174900,1165,0,1127.0,490.0,1966
140000,1136,0,1136.0,384.0,1965
145000,1092,0,1092.0,504.0,1964
179900,1265,0,1219.0,502.0,1965
168500,1350,0,1248.0,520.0,1964
145500,1053,0,1053.0,312.0,1959
142000,1252,0,1252.0,528.0,1959
141000,1100,0,1100.0,312.0,1960
153000,1118,0,1118.0,264.0,1960
72500,720,0,0.0,287.0,1949
52000,729,0,270.0,0.0,1935
87000,453,453,348.0,231.0,1937
141500,1496,0,1296.0,450.0,1960
141500,1337,0,572.0,264.0,1950
165500,1661,0,992.0,377.0,1955
112900,1036,0,1036.0,312.0,1953
201800,902,918,864.0,492.0,1965
163000,1362,0,1362.0,504.0,1961
139950,1144,0,1144.0,456.0,1961
165000,1431,0,1099.0,296.0,1962
227000,1104,884,1104.0,480.0,1966
135000,1098,0,1098.0,260.0,1955
124000,1144,0,1144.0,336.0,1963
140000,1283,0,931.0,506.0,1962
136500,1176,0,1176.0,292.0,1957
185000,1440,0,1248.0,480.0,1959
163000,1261,0,1261.0,433.0,1958
166800,1570,0,1395.0,441.0,1958
139000,1196,0,1196.0,297.0,1956
166000,1392,0,1392.0,458.0,1957
136000,1080,0,1080.0,288.0,1958
133000,1104,0,1104.0,384.0,1956
116000,882,0,720.0,240.0,1952
137500,1152,0,1152.0,636.0,1953
130000,950,0,984.0,400.0,1953
180000,1790,0,998.0,540.0,1957
100000,1764,0,0.0,301.0,1957
89900,869,0,0.0,390.0,1948
114000,747,412,747.0,288.0,1925
140000,1048,510,913.0,288.0,1945
86900,672,0,672.0,308.0,1940
139000,1254,182,892.0,1488.0,1922
171000,858,858,858.0,490.0,1962
139000,1044,0,912.0,372.0,1968
186000,1312,0,1312.0,495.0,1958
157000,1253,0,1253.0,352.0,1960
148000,1081,0,1081.0,401.0,1960
242000,2069,0,585.0,505.0,1960
116000,910,0,105.0,414.0,1953
98300,1048,0,0.0,420.0,1950
127000,1507,0,1075.0,404.0,1960
159000,1256,0,1256.0,311.0,1959
125900,1027,0,1027.0,299.0,1962
155000,1269,0,1269.0,308.0,1960
138000,819,501,768.0,576.0,1948
112500,984,0,936.0,280.0,1954
105500,832,0,832.0,528.0,1954
127500,854,424,854.0,240.0,1954
150000,1024,564,768.0,480.0,1955
109500,825,0,825.0,350.0,1954
140000,983,813,780.0,483.0,1963
167900,798,813,780.0,442.0,1964
136870,1117,0,1117.0,264.0,1963
73000,764,0,680.0,504.0,1925
157500,958,581,650.0,686.0,1904
122600,948,375,780.0,400.0,1948
111000,680,680,680.0,330.0,1910
256000,1584,1208,1510.0,520.0,1920
64000,672,0,672.0,256.0,1940
139500,728,728,728.0,308.0,1915
200000,1362,720,1362.0,484.0,2003
119164,1095,561,801.0,440.0,1940
122250,960,780,936.0,225.0,1920
120000,1027,0,931.0,0.0,1920
78000,899,0,481.0,200.0,1910
95000,684,396,684.0,0.0,1890
147000,1122,0,924.0,528.0,1948
140000,904,595,904.0,869.0,1946
112500,928,0,928.0,288.0,1957
107900,901,0,901.0,281.0,1954
295000,1675,1818,1470.0,870.0,1880
153900,876,540,876.0,720.0,1915
132000,730,720,624.0,288.0,1920
114000,709,308,346.0,308.0,1900
129500,1134,924,735.0,396.0,1917
129400,884,656,572.0,0.0,1905
161000,689,689,689.0,360.0,1928
128000,742,742,742.0,0.0,1914
122000,938,1215,684.0,0.0,1872
116900,572,539,572.0,288.0,1926
325000,1521,1254,1237.0,880.0,1893
55000,723,363,723.0,400.0,1920
184000,1313,1182,1313.0,342.0,1890
110000,984,0,984.0,308.0,1959
131500,1050,745,1050.0,352.0,1954
97000,882,0,0.0,308.0,1956
115500,1093,0,869.0,308.0,1958
138000,1143,0,1008.0,288.0,1928
79500,779,0,742.0,308.0,1930
153000,1144,594,1024.0,240.0,1935
109500,784,0,784.0,0.0,1924
124000,832,378,672.0,240.0,1941
106900,736,554,554.0,200.0,1900
164900,1014,658,981.0,240.0,1940
119000,949,0,949.0,370.0,1924
120000,950,208,862.0,208.0,1929
157000,825,672,825.0,672.0,1937
105000,874,468,739.0,240.0,1939
113000,1013,0,992.0,160.0,1926
115000,565,651,565.0,355.0,1920
123000,624,512,704.0,336.0,1929
81300,808,0,0.0,164.0,1945
162900,1128,445,1078.0,360.0,1930
150000,1245,764,989.0,400.0,1939
123500,1226,676,1100.0,576.0,1923
128000,751,611,611.0,502.0,1920
68500,520,0,520.0,240.0,1927
127000,1072,213,672.0,240.0,1948
207000,1053,795,833.0,370.0,1923
184000,1133,687,1026.0,240.0,1925
162500,1170,546,810.0,672.0,1915
145000,988,517,883.0,240.0,1940
130000,838,0,816.0,275.0,1918
161000,833,833,588.0,228.0,1925
127500,825,784,796.0,228.0,1910
93850,768,0,768.0,440.0,1930
141000,1272,0,1272.0,400.0,1938
120000,880,428,880.0,400.0,1915
127500,1040,0,1040.0,320.0,1925
89500,1035,371,319.0,0.0,1920
125000,825,0,825.0,720.0,1955
135000,756,713,756.0,216.0,1906
134000,1211,0,952.0,322.0,1968
135000,720,551,720.0,312.0,1948
134432,1120,468,0.0,680.0,1959
129500,1040,0,1040.0,384.0,1965
157500,1096,0,1008.0,484.0,1978
145000,992,0,992.0,294.0,1967
130000,894,0,894.0,450.0,1967
153000,1034,0,450.0,504.0,1978
120000,1073,0,1073.0,270.0,1967
152000,1126,0,1060.0,506.0,1984
80000,1006,0,1006.0,0.0,1959
149350,1228,0,1228.0,271.0,1966
144900,960,0,960.0,300.0,1963
185000,1188,0,988.0,621.0,1956
165000,1383,0,1383.0,354.0,1954
235000,1252,0,1602.0,564.0,1960
140000,1021,580,533.0,300.0,1958
108000,672,0,672.0,240.0,1940
152400,864,486,576.0,627.0,1941
144000,904,0,864.0,912.0,1970
173000,1291,0,1291.0,431.0,1996
192000,1156,866,1160.0,505.0,1977
245000,1524,0,1524.0,478.0,1979
241500,1363,0,1385.0,439.0,1954
256000,1663,0,1364.0,529.0,1954
177000,1357,0,1019.0,312.0,1959
125600,617,462,570.0,249.0,1948
155000,1094,0,1094.0,495.0,1953
240000,1307,1051,907.0,360.0,1908
260000,1518,0,1580.0,0.0,1940
185000,1163,511,1163.0,396.0,1918
235000,1236,872,1127.0,540.0,1935
159900,1509,0,1509.0,322.0,1956
134500,621,648,621.0,280.0,1962
119000,961,406,861.0,384.0,1900
79000,572,524,572.0,0.0,1924
95000,616,495,616.0,200.0,1941
262280,1532,797,1475.0,514.0,1990
260000,1093,1721,1077.0,614.0,1995
226500,1626,0,1602.0,534.0,1994
225000,1101,1099,812.0,453.0,1993
229000,1302,735,672.0,472.0,1996
248500,1615,0,1615.0,864.0,2007
228000,1080,1017,1080.0,678.0,1993
225000,1511,0,1401.0,811.0,1995
195000,1643,0,1182.0,438.0,1966
200000,616,1072,616.0,603.0,1997
155000,990,0,990.0,528.0,1994
144000,1099,0,1099.0,352.0,1995
145000,990,0,990.0,672.0,1994
226001,1418,0,1418.0,558.0,1997
215700,872,899,864.0,600.0,1997
207500,782,870,782.0,532.0,2000
188000,880,844,880.0,527.0,1998
191000,1479,0,1468.0,577.0,1999
221000,1494,0,1494.0,530.0,2002
231500,963,829,963.0,564.0,2001
235000,928,895,928.0,626.0,2000
223500,920,866,920.0,608.0,2001
130250,938,0,938.0,308.0,1975
149900,985,0,985.0,328.0,1977
158000,1174,0,864.0,528.0,1978
147000,1026,0,940.0,576.0,1978
163000,1558,0,864.0,440.0,1975
110000,924,0,924.0,280.0,1975
127000,864,0,864.0,352.0,1972
124900,780,0,780.0,352.0,1972
230000,1795,0,1777.0,534.0,2002
237000,1128,903,1128.0,577.0,2002
235000,992,873,992.0,839.0,2000
230500,1290,871,1257.0,570.0,2001
230000,1004,848,1004.0,660.0,1999
222500,1153,878,1153.0,541.0,1998
287000,1055,1208,1055.0,905.0,2001
274000,1366,581,1357.0,725.0,2001
300000,1786,0,1778.0,715.0,2002
255900,1149,1141,1128.0,779.0,2002
224900,884,884,884.0,543.0,2003
240000,1129,1198,1129.0,596.0,2003
183000,798,842,798.0,595.0,2003
207000,886,878,850.0,560.0,1999
210000,933,975,915.0,493.0,1994
208900,1493,0,1478.0,508.0,1997
214000,1536,0,1536.0,532.0,2002
208500,856,854,856.0,548.0,2003
186500,1445,0,1445.0,470.0,2004
210000,1436,0,1436.0,484.0,2004
185900,770,812,770.0,520.0,2004
179900,1234,0,1234.0,484.0,2007
218836,1564,0,1564.0,814.0,2007
193000,1361,0,1351.0,610.0,2007
189000,728,728,728.0,410.0,2005
85000,796,0,796.0,0.0,1910
147500,1256,0,1256.0,276.0,1965
135000,1127,0,1127.0,480.0,1976
108000,996,0,996.0,0.0,1940
137500,1181,0,1138.0,588.0,1972
165400,760,896,746.0,397.0,2003
147000,1117,0,1029.0,542.0,1977
160500,684,714,684.0,440.0,1976
176000,1132,0,1132.0,451.0,2005
284700,3820,0,0.0,624.0,1959
96000,929,208,0.0,0.0,1947
99000,930,0,911.0,286.0,1953
130500,768,432,768.0,240.0,1946
135000,997,473,941.0,548.0,1954
135500,872,521,816.0,300.0,1955
108000,949,343,949.0,205.0,1923
98000,864,0,864.0,0.0,1925
67000,864,0,864.0,0.0,1914
140000,810,672,672.0,400.0,1925
179500,1052,720,720.0,240.0,1939
136500,1390,304,1181.0,576.0,1925
168000,1424,0,1228.0,312.0,1921
189000,990,1611,612.0,621.0,1921
145000,672,644,644.0,369.0,1926
191000,1423,748,588.0,672.0,1922
177000,840,840,840.0,308.0,1915
147500,676,588,676.0,400.0,1914
91000,790,0,768.0,160.0,1930
231000,798,714,798.0,180.0,1925
115000,1166,0,1064.0,240.0,1936
138000,819,784,784.0,599.0,1923
149000,851,651,776.0,270.0,1931
188700,849,811,715.0,240.0,1934
198000,1265,673,942.0,240.0,1937
110000,932,442,884.0,225.0,1938
104000,1091,0,1091.0,344.0,1951
381000,1968,1479,728.0,1014.0,1935
311500,1137,817,798.0,431.0,1939
263400,1218,943,832.0,506.0,1950
236500,1898,0,1898.0,484.0,1956
224000,1640,0,1296.0,924.0,1954
126000,919,0,894.0,195.0,1926
120000,760,330,720.0,240.0,1940
55000,796,0,796.0,0.0,1922
120500,816,0,816.0,432.0,1930
120500,778,0,740.0,924.0,1940
119000,780,420,780.0,0.0,1930
126000,1092,564,624.0,288.0,1967
99500,912,0,520.0,360.0,1930
165500,1151,804,1151.0,356.0,1958
89000,825,536,173.0,185.0,1895
40000,649,668,649.0,250.0,1920
80900,671,378,356.0,195.0,1910
81000,894,0,894.0,1248.0,1935
65000,432,432,592.0,216.0,1920
300000,2032,0,1840.0,786.0,1996
271000,1689,0,1568.0,857.0,2002
213000,910,910,910.0,816.0,1996
171000,1118,0,1096.0,358.0,1977
171500,1279,0,1196.0,473.0,1977
228500,1689,0,1680.0,432.0,1991
294000,1537,0,1518.0,788.0,2006
172500,712,730,352.0,400.0,2006
167500,754,640,384.0,400.0,2006
150000,1495,0,1495.0,438.0,1989
184000,1651,0,1606.0,616.0,1986
180000,1256,0,1256.0,578.0,1986
232500,1440,0,1432.0,467.0,2003
195000,1675,0,1666.0,435.0,1999
305000,1482,780,1482.0,749.0,2003
298751,1728,0,1884.0,520.0,2007
370000,1964,0,1964.0,892.0,2005
173000,1200,0,1200.0,850.0,1964
152500,1160,0,1113.0,257.0,1968
113000,988,0,988.0,520.0,1954
128500,816,0,816.0,264.0,1983
119500,923,0,876.0,264.0,1984
130500,816,0,816.0,264.0,1982
138000,816,0,816.0,816.0,1982
134500,845,0,845.0,264.0,1982
160000,983,767,983.0,423.0,1940
137500,889,0,864.0,484.0,1984
172000,1168,800,784.0,530.0,1969
103000,1150,686,686.0,288.0,1900
167300,1587,0,1587.0,525.0,1971
167000,1277,0,1277.0,526.0,1970
244000,2223,0,2223.0,516.0,1973
268000,2217,0,2217.0,621.0,1970
168000,806,766,806.0,373.0,1995
177000,794,676,794.0,388.0,1997
169000,916,684,916.0,460.0,1997
161500,754,630,384.0,390.0,1997
160000,924,770,392.0,398.0,1994
178750,691,862,691.0,420.0,1996
176000,1253,0,1237.0,402.0,1995
204000,957,1342,938.0,482.0,1999
160000,1187,0,1168.0,420.0,1992
160000,802,670,384.0,402.0,1991
163900,812,670,384.0,392.0,1992
168000,910,732,903.0,392.0,1993
377426,1922,0,1922.0,676.0,2005
349265,1164,1377,1149.0,729.0,2005
441929,2234,0,2220.0,724.0,2006
182900,1440,0,1440.0,467.0,1981
176000,725,754,725.0,484.0,1981
213000,1664,0,1529.0,663.0,1978
192000,1085,845,780.0,481.0,1979
190000,1161,808,808.0,534.0,1977
195000,1118,912,848.0,551.0,1976
148000,1032,0,1032.0,564.0,1978
151500,1177,0,1153.0,495.0,1984
197000,1040,685,539.0,550.0,1979
192350,1353,0,1259.0,478.0,1979
152000,780,840,780.0,462.0,1969
170000,1220,0,1625.0,944.0,1971
175000,1484,0,1484.0,487.0,1971
175000,1041,702,702.0,539.0,1968
197900,1142,793,793.0,550.0,1976
174000,1324,0,1228.0,585.0,1976
178900,1084,793,1084.0,488.0,1974
139000,576,533,372.0,288.0,1971
143250,981,0,981.0,576.0,1971
184000,725,754,725.0,484.0,1972
155000,1422,0,925.0,576.0,1970
133000,914,0,914.0,368.0,1970
119500,950,0,950.0,280.0,1971
123000,872,0,858.0,480.0,1971
110000,858,0,858.0,684.0,1971
128000,914,0,914.0,270.0,1961
120500,864,0,864.0,528.0,1971
129250,988,0,988.0,360.0,1966
450000,2046,0,1994.0,878.0,2005
380000,2069,574,2153.0,694.0,2006
250000,1634,0,1626.0,866.0,2006
418000,1722,1036,1704.0,814.0,2005
317000,1143,1330,1143.0,852.0,2004
372000,1802,0,1802.0,843.0,2006
342000,1718,1238,1706.0,916.0,2004
354000,1136,1332,1136.0,872.0,2004
350000,1217,1168,1317.0,818.0,2003
285000,1234,1140,1181.0,656.0,2003
245700,1614,0,1614.0,878.0,2005
232698,1721,0,1721.0,554.0,2005
176000,768,768,768.0,400.0,2005
203000,1326,0,1326.0,388.0,2005
188500,1119,0,835.0,437.0,2004
215000,847,1112,847.0,434.0,2004
183500,840,880,840.0,440.0,2004
165500,754,640,384.0,400.0,2003
211000,847,1101,847.0,434.0,2003
219500,864,1131,854.0,435.0,2002
175000,953,694,953.0,460.0,1999
170000,774,656,384.0,400.0,2000
162000,660,660,660.0,400.0,2003
187000,940,750,915.0,442.0,2000
185000,961,683,941.0,460.0,1999
384500,1779,772,1779.0,925.0,1997
248000,997,1288,969.0,648.0,2000
466500,2633,0,2633.0,804.0,2001
410000,1671,1407,1408.0,806.0,1998
322500,1411,1171,1389.0,758.0,1998
252000,1108,1277,1066.0,600.0,1998
755000,2444,1872,2444.0,832.0,1994
269790,1127,886,1117.0,455.0,1996
315750,1383,1015,1379.0,834.0,1996
290000,1328,1203,1318.0,752.0,1995
430000,3228,0,3200.0,546.0,1992
263000,1105,1097,1105.0,517.0,1992
330000,1335,1203,1325.0,933.0,1996
320000,1905,0,1905.0,788.0,2006
282922,1464,0,1485.0,754.0,2007
255000,1636,0,1623.0,865.0,2006
227000,1588,0,1588.0,825.0,2006
260000,1538,0,1538.0,484.0,2005
249000,1506,0,1494.0,672.0,2005
307000,1694,0,1686.0,636.0,2004
221300,1302,528,1302.0,859.0,2006
270000,1088,871,1088.0,1025.0,2006
249700,1656,0,1656.0,826.0,2006
253000,1685,0,1685.0,658.0,2006
265000,1158,1285,1158.0,744.0,2004
340000,1580,886,1580.0,610.0,2004
147000,1143,0,1143.0,0.0,2006
149000,1094,0,1094.0,576.0,2003
181000,1486,0,1461.0,566.0,2006
201000,936,785,928.0,471.0,1994
191750,920,900,864.0,492.0,1993
179000,1349,0,1349.0,539.0,2000
215000,1494,0,1482.0,514.0,1998
144000,884,0,840.0,504.0,1983
120750,894,0,894.0,308.0,1977
132500,970,0,970.0,624.0,1963
132000,1057,0,1057.0,576.0,1962
132500,999,0,999.0,264.0,1962
129000,1120,0,1040.0,544.0,1961
143900,1696,0,1140.0,349.0,1962
145000,1040,0,1040.0,686.0,1968
128500,988,0,988.0,572.0,1961
125500,902,0,876.0,288.0,1967
300000,1271,1232,1223.0,564.0,1990
294000,1516,651,1192.0,518.0,1974
129000,1037,0,1037.0,431.0,1974
171000,1701,0,1390.0,611.0,1975
302000,1453,1357,1453.0,750.0,1990
285000,2129,743,1683.0,541.0,1992
239000,975,975,975.0,576.0,1997
204000,1358,0,1339.0,625.0,1999
301000,1072,976,1054.0,552.0,2003
312500,1220,1142,1220.0,1105.0,1998
255000,2362,0,2002.0,546.0,1980
194000,1432,0,1360.0,588.0,1978
218000,1437,0,1437.0,528.0,1976
187000,1094,761,528.0,512.0,1976
181500,1262,0,1262.0,460.0,1976
373000,2497,0,2461.0,676.0,1981
226000,1057,872,1057.0,650.0,2001
143450,1152,0,912.0,412.0,1968
240050,1403,1008,1008.0,570.0,1970
162500,1082,0,973.0,480.0,1969
164000,1295,0,1295.0,528.0,1968
185000,1610,0,1124.0,515.0,1972
188500,1594,0,1594.0,472.0,1993
255000,1091,984,1148.0,473.0,1993
158500,1093,0,1093.0,484.0,1966
175500,1242,0,1242.0,528.0,1973
127000,1052,0,1052.0,311.0,1963
127000,1107,0,949.0,308.0,1967
143000,1214,0,1214.0,318.0,1967
156000,1073,0,1073.0,515.0,1965
144000,1344,0,1024.0,484.0,1958
139900,1422,0,978.0,286.0,1960
151500,958,0,958.0,301.0,1960
126500,1065,0,1065.0,461.0,1960
145000,1138,0,588.0,264.0,1958
120000,912,0,912.0,297.0,1958
124000,1074,0,894.0,396.0,1956
106500,882,0,0.0,294.0,1959
140500,1187,0,864.0,440.0,1961
137500,964,0,964.0,784.0,1961
117600,894,0,894.0,312.0,1960
163500,1200,0,1174.0,440.0,1966
161000,1042,0,1042.0,440.0,1965
158000,1302,0,1302.0,309.0,1964
224500,845,1309,845.0,539.0,1964
147000,1374,0,1130.0,286.0,1964
200000,1652,0,1592.0,510.0,1959
181900,1429,0,1144.0,572.0,1960
150750,1327,0,1063.0,624.0,1959
124000,932,0,932.0,306.0,1950
138500,908,0,822.0,512.0,1940
39300,334,0,0.0,0.0,1946
64500,666,0,666.0,0.0,1946
64000,442,228,370.0,0.0,1945
112000,808,0,808.0,308.0,1958
165000,1127,850,816.0,540.0,1964
144000,1150,0,1078.0,288.0,1955
105000,968,408,768.0,240.0,1941
146500,888,756,728.0,312.0,1942
175000,1280,0,793.0,432.0,1966
158500,1254,0,1218.0,525.0,1961
114500,912,0,912.0,275.0,1958
144000,874,650,874.0,315.0,1958
141000,936,0,936.0,315.0,1957
131000,1008,0,1008.0,308.0,1956
142100,1053,0,1053.0,692.0,1963
139000,1056,0,1056.0,308.0,1958
157900,1442,0,1442.0,301.0,1958
139400,1056,0,1056.0,260.0,1954
150000,1244,0,1244.0,336.0,1957
120000,1144,0,1144.0,336.0,1960
174850,1721,0,1331.0,464.0,1957
116000,922,0,922.0,308.0,1957
135000,1048,0,1048.0,286.0,1956
163500,1657,0,1657.0,484.0,1970
130000,1411,0,1204.0,310.0,1955
129500,1216,0,1216.0,336.0,1955
142000,1154,0,864.0,336.0,1953
125000,948,0,948.0,410.0,1952
136000,1040,0,1040.0,293.0,1953
134500,1008,0,1008.0,240.0,1953
127000,925,0,925.0,252.0,1956
130000,1360,0,384.0,572.0,1955
115000,1040,500,1190.0,352.0,1955
116900,925,0,923.0,390.0,1955
132000,928,0,928.0,252.0,1956
153000,1647,0,1105.0,280.0,1953
112500,924,0,924.0,420.0,1952
138000,1000,544,925.0,0.0,1890
135000,893,0,845.0,576.0,1949
156000,1216,0,1216.0,371.0,1953
109000,735,299,735.0,240.0,1940
103200,882,0,882.0,0.0,1956
64500,968,0,656.0,216.0,1927
148000,751,783,736.0,0.0,1895
172000,1035,616,725.0,276.0,1963
128500,952,0,952.0,288.0,1968
122900,672,252,672.0,576.0,1949
119200,1082,0,1082.0,240.0,1948
143000,1168,678,1040.0,315.0,1949
119000,988,0,876.0,276.0,1950
102000,1238,0,864.0,357.0,1950
129000,864,0,864.0,720.0,1950
152000,1040,0,1040.0,286.0,1959
140000,1170,0,1170.0,338.0,1958
156500,1377,0,1377.0,351.0,1960
99000,925,0,0.0,300.0,1961
187000,1020,831,822.0,440.0,1964
169500,876,936,864.0,264.0,1962
125500,864,0,864.0,294.0,1962
130000,936,0,896.0,288.0,1962
103000,960,0,850.0,576.0,1926
127500,866,430,845.0,576.0,1927
89500,1022,0,1022.0,184.0,1922
99900,967,0,967.0,180.0,1920
100000,1047,0,641.0,273.0,1885
130000,1072,0,808.0,379.0,1940
135000,680,494,680.0,576.0,1900
120000,679,504,649.0,308.0,1948
85000,761,380,570.0,252.0,1900
108500,960,0,960.0,308.0,1920
137000,1156,642,1075.0,342.0,1900
110500,866,0,686.0,0.0,1945
100000,968,0,968.0,480.0,1923
184900,909,863,725.0,816.0,1910
125000,842,630,702.0,250.0,1925
114000,616,616,616.0,480.0,1910
144100,991,659,926.0,468.0,1910
117500,1178,1032,1008.0,205.0,1880
185000,1312,1142,819.0,576.0,1879
152000,1149,467,1149.0,216.0,1926
153500,1559,0,1559.0,812.0,1948
159500,1576,978,718.0,704.0,1890
87000,912,336,912.0,160.0,1930
104500,968,0,0.0,331.0,1956
110000,1382,0,0.0,384.0,1949
136500,916,144,756.0,308.0,1925
128250,910,525,910.0,308.0,1950
144000,1167,0,915.0,495.0,1920
210000,915,720,1065.0,440.0,1923
135000,728,546,728.0,224.0,1939
128000,608,624,600.0,217.0,1939
131000,869,349,735.0,440.0,1941
113000,884,0,884.0,240.0,1939
126000,861,548,861.0,528.0,1938
132000,899,423,672.0,280.0,1939
131750,1014,412,966.0,230.0,1930
132500,903,378,756.0,379.0,1926
137500,939,574,939.0,180.0,1920
132000,854,0,832.0,576.0,1929
127500,959,408,884.0,560.0,1931
102000,986,0,960.0,180.0,1926
200000,1100,1164,1100.0,408.0,1918
180500,1060,764,764.0,520.0,1919
165000,752,624,768.0,576.0,1920
153575,698,698,698.0,384.0,1915
140000,672,672,672.0,456.0,1929
169500,1226,592,1040.0,240.0,1931
139400,1108,0,637.0,280.0,1930
202500,1497,797,741.0,658.0,1963
127000,773,582,684.0,0.0,1914
141000,780,595,780.0,544.0,1937
212300,976,976,976.0,299.0,1950
161000,1138,1042,1138.0,720.0,1915
101000,581,530,530.0,288.0,1920
109900,1196,0,1196.0,440.0,1916
128500,854,0,720.0,660.0,1941
87000,840,0,672.0,0.0,1930
219000,1262,1005,1005.0,498.0,1937
200500,1636,971,1598.0,0.0,1946
158450,1452,0,1420.0,572.0,1964
115400,1005,0,1005.0,440.0,1964
118500,1029,0,1029.0,261.0,1961
165000,1020,0,980.0,528.0,1964
123000,1040,0,1040.0,264.0,1966
129000,913,0,814.0,240.0,1966
125000,894,0,894.0,384.0,1966
115000,897,0,876.0,264.0,1968
134500,943,0,943.0,528.0,1967
127000,955,0,955.0,386.0,1966
129000,894,0,894.0,450.0,1968
143500,1285,0,660.0,528.0,1977
129000,912,0,912.0,315.0,1966
187000,1375,0,1240.0,323.0,1956
158000,1567,1087,671.0,638.0,1920
112000,1416,0,816.0,576.0,1918
165250,798,504,680.0,224.0,1940
150000,1299,0,967.0,494.0,1954
137000,1176,0,1158.0,303.0,1958
89500,998,0,0.0,460.0,1945
302000,1824,0,1643.0,739.0,1971
182000,1522,0,1190.0,552.0,1984
211000,1164,896,1151.0,521.0,1988
216000,1325,0,409.0,576.0,1948
130000,1630,0,1073.0,649.0,1953
109900,1242,0,484.0,336.0,1946
255000,2422,0,1288.0,527.0,1954
243000,2158,0,1202.0,576.0,1950
154000,988,638,988.0,332.0,1954
118000,864,0,864.0,399.0,1958
80000,943,0,0.0,308.0,1958
86000,605,0,528.0,0.0,1920
125000,1342,0,1342.0,256.0,1951
136500,1080,400,1080.0,253.0,1951
96000,986,376,951.0,280.0,1920
120000,1340,0,0.0,252.0,1957
228500,1105,717,1105.0,515.0,1984
179900,1442,0,910.0,719.0,1990
225000,1122,1121,700.0,746.0,1990
301000,1553,1177,1502.0,576.0,1986
238000,912,1215,1104.0,833.0,1991
228500,1175,807,807.0,575.0,1989
220000,1029,929,779.0,499.0,1994
194000,1240,0,1240.0,826.0,2006
217000,1546,0,1546.0,796.0,2005
212999,1500,0,1489.0,674.0,2006
175900,1270,0,1270.0,524.0,2005
191000,879,916,879.0,578.0,2005
176432,1314,0,1314.0,440.0,2006
277000,1180,882,1157.0,454.0,1988
207000,946,927,929.0,619.0,1988
277000,1444,700,1444.0,389.0,1958
240000,1079,874,1580.0,501.0,1992
187500,976,1111,832.0,444.0,1966
279000,1743,0,966.0,529.0,1976
139500,1022,0,1022.0,747.0,1994
126000,990,0,990.0,299.0,1994
177500,1200,0,1200.0,521.0,1995
175000,646,662,635.0,497.0,1997
211000,882,914,794.0,546.0,1998
146000,990,0,990.0,384.0,1994
147900,1097,0,1097.0,242.0,1996
123600,990,0,990.0,0.0,1994
204750,905,881,824.0,684.0,1997
235500,988,885,988.0,597.0,1999
217000,853,900,853.0,534.0,1998
190550,845,845,845.0,517.0,2001
217500,985,857,985.0,486.0,2000
226000,1479,0,1453.0,558.0,2003
180000,840,828,840.0,500.0,2003
153500,1025,0,1015.0,370.0,1976
160000,1009,0,995.0,576.0,1977
134900,1040,0,1040.0,748.0,1977
130000,907,0,876.0,308.0,1977
120000,879,0,864.0,440.0,1975
112500,882,0,882.0,461.0,1972
122000,969,0,969.0,440.0,1975
127000,864,0,864.0,576.0,1972
117000,875,0,385.0,728.0,1972
305900,2000,0,2000.0,888.0,2004
228500,1284,885,1284.0,647.0,2002
270000,1673,0,1673.0,583.0,2000
192000,1459,0,1459.0,527.0,2002
213000,992,940,979.0,610.0,2003
200000,860,869,860.0,542.0,2002
267000,1210,1242,1028.0,683.0,1998
228000,1592,0,1556.0,484.0,1994
275000,1531,908,1531.0,560.0,2001
211000,1212,780,860.0,608.0,1996
285000,1668,0,1626.0,702.0,2002
240000,1220,870,1220.0,556.0,1995
246900,1341,0,1341.0,482.0,1999
219500,847,1081,847.0,434.0,2003
185000,1337,0,1337.0,531.0,2003
213500,939,858,939.0,639.0,2006
179600,1422,0,1422.0,626.0,2004
173500,1190,0,1169.0,578.0,2005
168675,738,753,738.0,484.0,2006
167000,768,768,768.0,400.0,2005
140000,1214,0,1214.0,461.0,1965
110000,1088,0,1088.0,520.0,1963
94750,960,0,960.0,432.0,1965
122000,901,450,901.0,576.0,1925
110000,1179,0,1179.0,622.0,1960
133500,1044,0,960.0,528.0,1976
148000,1113,0,1143.0,504.0,1976
157000,1090,0,1090.0,450.0,2005
171500,734,674,734.0,489.0,2005
131750,960,0,960.0,392.0,1959
111000,948,0,864.0,248.0,1954
79000,774,0,544.0,0.0,1931
108500,740,125,660.0,216.0,1920
112000,796,550,560.0,384.0,1910
125000,768,0,768.0,355.0,1955
119000,948,0,948.0,280.0,1954
165000,900,602,602.0,180.0,1923
96500,789,0,768.0,200.0,1926
136500,1422,0,1290.0,352.0,1926
146500,759,539,651.0,240.0,1921
175000,981,787,731.0,240.0,1937
148500,567,531,531.0,216.0,1930
141500,851,585,585.0,228.0,1921
189950,912,514,912.0,216.0,1918
135000,686,775,686.0,225.0,1926
164000,918,728,918.0,240.0,1941
90350,694,0,440.0,352.0,1913
139000,661,589,661.0,552.0,1910
119750,954,0,920.0,240.0,1938
238000,867,851,851.0,264.0,1927
153500,1226,0,0.0,400.0,1951
239000,1370,1254,1370.0,864.0,1918
188000,1230,525,930.0,231.0,1930
220000,1096,895,854.0,432.0,1932
315000,1549,1178,853.0,440.0,1932
259500,1436,884,1028.0,180.0,1945
257500,1839,0,1477.0,416.0,1957
219500,960,780,800.0,240.0,1940
201000,1560,0,1560.0,580.0,1960
215000,1488,0,1488.0,552.0,1968
170000,1680,0,1680.0,628.0,1995
198000,1696,0,1696.0,625.0,1971
315000,2726,0,279.0,691.0,1986
115000,997,520,793.0,0.0,1919
141000,720,495,720.0,720.0,1940
87000,803,0,720.0,360.0,1941
129850,936,665,936.0,0.0,1925
100000,772,351,732.0,264.0,1939
75200,816,0,816.0,100.0,1922
118400,1012,0,1012.0,308.0,1920
152000,910,648,910.0,282.0,1950
68104,640,0,0.0,256.0,1939
124900,1001,0,837.0,216.0,1930
183500,1299,0,1001.0,486.0,1979
156000,912,0,888.0,470.0,1978
134000,1080,0,1084.0,484.0,1983
215000,1392,0,1441.0,650.0,2002
245000,1409,0,1409.0,576.0,2002
210000,1478,0,1454.0,506.0,1991
148000,918,0,852.0,360.0,1975
143000,1026,0,970.0,528.0,1974
170000,1328,0,1350.0,308.0,1959
257000,2279,0,585.0,461.0,1958
265900,1484,0,1476.0,472.0,2006
174000,1240,0,1265.0,528.0,1985
187500,1187,530,1156.0,400.0,1990
204000,888,868,872.0,422.0,1996
180500,1312,0,1267.0,471.0,2001
187500,1146,0,868.0,438.0,2003
282000,1922,0,1922.0,692.0,2002
178000,1491,0,1491.0,571.0,1996
270000,1629,0,1616.0,808.0,2002
279900,1146,1340,1122.0,452.0,2003
186700,1572,0,1572.0,995.0,1963
281213,1133,1349,1094.0,642.0,2005
130000,2034,0,0.0,1041.0,1953
132250,1040,0,1064.0,648.0,1963
146800,1062,0,1029.0,539.0,1976
153500,1008,0,923.0,678.0,1977
188000,1356,0,1244.0,528.0,1977
196000,1676,0,1160.0,672.0,1977
157000,716,716,716.0,531.0,1977
138000,796,0,796.0,0.0,1971
129500,768,0,768.0,624.0,1970
129500,845,0,845.0,360.0,1982
135000,1178,0,1090.0,502.0,1976
124500,816,0,816.0,264.0,1982
139000,816,0,816.0,264.0,1983
124500,887,0,864.0,288.0,1984
149900,1293,0,1178.0,452.0,1954
157500,1024,0,1008.0,313.0,1956
169000,1797,0,1617.0,963.0,1957
192100,1851,0,1851.0,506.0,1969
183500,813,712,813.0,400.0,1997
222000,993,1243,964.0,642.0,1997
170000,781,890,781.0,423.0,1995
187500,691,807,691.0,409.0,1995
202000,821,955,821.0,443.0,1996
185000,802,709,802.0,413.0,1997
250000,1074,990,1074.0,527.0,2005
239900,901,900,893.0,800.0,2005
270000,2079,608,2062.0,618.0,1994
183500,1169,0,1160.0,402.0,1993
165600,697,804,697.0,420.0,1993
176500,955,677,935.0,462.0,1998
275000,1742,0,1742.0,564.0,1985
169000,1547,720,0.0,672.0,1948
470000,2000,0,1910.0,722.0,2005
202500,1621,0,1208.0,440.0,1984
229000,1377,806,1204.0,786.0,1988
235000,1468,795,795.0,539.0,1977
190000,790,784,796.0,566.0,1976
169000,1102,0,988.0,582.0,1980
241500,1872,0,1845.0,604.0,1988
188900,945,912,945.0,482.0,1978
207500,1686,0,1686.0,612.0,1980
250000,1392,1392,1392.0,564.0,1978
179900,811,741,713.0,434.0,1975
172000,1083,0,1047.0,596.0,1976
184500,1109,766,675.0,485.0,1975
153500,1074,0,1056.0,495.0,1975
162900,832,832,832.0,528.0,1976
181000,1309,0,1040.0,484.0,1974
155000,1103,0,1103.0,462.0,1974
88000,858,0,858.0,0.0,1971
97500,874,0,864.0,576.0,1971
145000,1387,0,943.0,300.0,1967
123000,900,0,864.0,288.0,1967
315000,1980,0,1980.0,770.0,2004
252000,1618,0,1618.0,880.0,2004
415000,1868,0,1868.0,1085.0,2005
326000,1850,0,1833.0,772.0,2004
309000,1132,1320,1117.0,691.0,2004
275500,1038,1060,1030.0,878.0,2005
360000,1944,0,1896.0,708.0,2003
378000,1780,0,1780.0,816.0,2004
374000,1792,0,1792.0,874.0,2003
275000,1058,846,1058.0,736.0,2005
279000,1426,488,1420.0,746.0,2004
192140,734,1104,732.0,372.0,2005
183200,807,702,783.0,393.0,2002
178000,707,707,707.0,403.0,2004
201490,848,750,848.0,433.0,2004
230500,1454,482,1406.0,504.0,2000
180000,807,702,783.0,393.0,2003
172400,953,711,953.0,460.0,2000
215000,1008,881,982.0,431.0,2000
199900,956,930,930.0,431.0,1998
173000,959,712,959.0,472.0,2000
230000,1005,1286,975.0,429.0,1999
348000,1407,985,1396.0,870.0,1997
286000,1079,897,1044.0,885.0,1998
300000,1205,1029,1160.0,768.0,2000
625000,1831,1796,1930.0,807.0,1995
405000,1540,1315,1540.0,774.0,2000
280000,1086,838,1086.0,592.0,1998
350000,1358,1368,1342.0,725.0,1995
584500,1933,1567,1733.0,959.0,1993
321000,1305,1189,1290.0,803.0,1994
290000,1203,1323,1165.0,844.0,1994
315000,1565,1234,1286.0,704.0,1993
232000,1616,0,1616.0,834.0,2005
200825,858,858,858.0,615.0,2005
176000,1266,0,1257.0,453.0,2005
139500,1142,0,1142.0,0.0,2005
184000,891,795,891.0,462.0,2005
184900,831,754,784.0,449.0,2005
187000,941,896,941.0,688.0,1997
175900,810,793,761.0,484.0,1992
150000,636,684,636.0,472.0,1994
107000,1056,0,1056.0,384.0,1966
129500,988,0,988.0,624.0,1962
144000,1211,0,864.0,576.0,1962
151000,1212,0,506.0,492.0,1977
126000,984,0,984.0,310.0,1965
116000,909,0,882.0,294.0,1968
133500,925,0,925.0,484.0,1963
120875,1024,0,1024.0,308.0,1965
137000,935,0,935.0,288.0,1965
124000,912,0,912.0,0.0,1964
135000,1236,0,912.0,288.0,1961
129200,941,0,912.0,288.0,1967
260000,2151,495,1748.0,550.0,1974
260000,1301,1116,1288.0,462.0,1991
334000,1520,1306,1334.0,888.0,1992
268000,1166,1129,1095.0,590.0,1992
262000,1624,0,1624.0,757.0,1994
200000,854,840,569.0,434.0,1997
221000,1568,0,1568.0,564.0,2001
165000,1208,0,1208.0,546.0,1977
385000,1842,0,1842.0,894.0,1981
170000,1222,698,570.0,487.0,1968
262500,2156,0,1568.0,508.0,1968
179900,708,708,708.0,776.0,1968
250000,1512,1142,1054.0,619.0,1968
165150,1012,778,732.0,484.0,1972
164500,1334,0,1334.0,477.0,1967
140000,1164,0,1164.0,528.0,1969
135500,980,0,980.0,384.0,1967
142000,1051,0,1051.0,504.0,1968
155000,884,886,900.0,530.0,1968
138500,1052,0,1052.0,288.0,1968
140000,898,0,833.0,326.0,1968
124400,1051,0,1051.0,264.0,1966
158000,1141,0,1141.0,568.0,1967
146000,1200,0,864.0,884.0,1965
190000,1097,896,825.0,495.0,1971
136500,1050,0,1050.0,368.0,1961
129900,864,0,864.0,624.0,1958
160000,1251,0,1251.0,461.0,1964
167000,1488,0,1008.0,430.0,1964
157500,720,720,720.0,480.0,1964
151500,1248,0,1248.0,286.0,1960
129800,816,0,816.0,240.0,1934
137000,1008,0,1008.0,275.0,1954
137000,1043,0,938.0,273.0,1947
85500,869,0,440.0,0.0,1923
79900,747,0,600.0,528.0,1926
127000,936,316,504.0,576.0,1908
161000,1433,0,1251.0,441.0,1961
135000,1216,0,1056.0,280.0,1951
137900,2136,0,2136.0,528.0,1951
133000,958,620,806.0,240.0,1941
137000,1024,704,704.0,234.0,1949
121000,936,0,936.0,240.0,1954
172000,1246,0,1246.0,441.0,1964
226000,1216,941,924.0,487.0,1966
135000,1008,0,1008.0,430.0,1963
143000,1144,0,1144.0,796.0,1959
132000,1364,0,1179.0,331.0,1957
145250,1383,0,1383.0,292.0,1960
162000,1336,0,1121.0,488.0,1958
148000,1370,0,1058.0,300.0,1956
141000,1092,0,1092.0,299.0,1957
153000,1124,0,1124.0,353.0,1956
134450,1236,0,1070.0,447.0,1957
140000,1375,0,1367.0,451.0,1954
139500,1008,0,1008.0,280.0,1952
155000,1575,0,216.0,400.0,1951
127000,1145,0,301.0,684.0,1956
133500,1005,0,1005.0,319.0,1956
125000,1056,0,1056.0,300.0,1955
142000,884,0,884.0,270.0,1951
159000,1384,0,1015.0,896.0,1956
127000,900,412,784.0,649.0,1947
112000,865,445,617.0,398.0,1924
99800,713,0,713.0,371.0,1930
117000,833,0,833.0,326.0,1954
68000,715,0,715.0,660.0,1929
86900,448,272,448.0,280.0,1900
120000,1130,0,1120.0,720.0,1920
155500,774,821,663.0,528.0,1915
170000,1096,370,796.0,566.0,1936
159950,1086,0,1024.0,484.0,1966
165000,1146,0,1083.0,294.0,1963
159000,1085,649,912.0,440.0,1962
147000,1207,0,1135.0,264.0,1962
159500,1194,0,655.0,539.0,1959
129900,816,0,816.0,308.0,1957
183000,1773,0,1313.0,418.0,1961
157500,1472,0,0.0,484.0,1959
277500,1900,548,1438.0,441.0,1962
207500,1600,0,1484.0,319.0,1957
147500,910,611,910.0,597.0,1950
109500,1040,0,0.0,625.0,1950
109900,1040,0,0.0,420.0,1950
133700,1040,0,1040.0,286.0,1959
141000,1150,0,1150.0,300.0,1959
146000,1150,0,1150.0,288.0,1961
155000,660,688,660.0,453.0,1966
134500,999,0,925.0,300.0,1962
120000,1045,0,1045.0,528.0,1962
105000,864,0,864.0,336.0,1962
169000,1007,1007,716.0,624.0,1900
135000,1226,442,1212.0,240.0,1948
111500,1147,510,1147.0,162.0,1920
156500,940,476,780.0,400.0,1900
178000,832,809,728.0,546.0,1925
139900,848,580,712.0,576.0,1900
105000,502,502,502.0,200.0,1930
110000,813,0,813.0,270.0,1930
111500,844,0,844.0,216.0,1925
105000,864,0,576.0,528.0,1950
116000,734,384,648.0,440.0,1920
96900,714,662,738.0,216.0,1905
139000,816,750,816.0,450.0,1924
61500,492,0,492.0,200.0,1921
120000,885,297,770.0,378.0,1945
126175,1163,0,1162.0,220.0,1955
64000,840,0,798.0,250.0,1920
87000,1095,679,1095.0,779.0,1900
163000,880,888,880.0,320.0,1914
155000,1226,878,1226.0,432.0,1910
79000,889,551,540.0,352.0,1900
144000,815,875,815.0,225.0,1916
114504,684,684,684.0,216.0,1910
157000,998,764,596.0,576.0,1920
475000,1518,1518,1107.0,840.0,1892
125000,960,0,960.0,624.0,1958
64500,1020,0,1020.0,0.0,1918
140200,972,605,972.0,312.0,1939
202500,1017,810,848.0,240.0,1924
159000,1004,660,1004.0,420.0,1947
114500,816,0,816.0,528.0,1934
115000,896,448,896.0,240.0,1936
80500,672,240,0.0,0.0,1947
110000,741,583,741.0,180.0,1930
110500,1103,0,1103.0,440.0,1925
89000,616,0,616.0,205.0,1921
113000,1048,0,993.0,280.0,1922
109000,816,0,816.0,210.0,1925
220000,1611,875,1595.0,576.0,1962
117000,1001,634,485.0,255.0,1910
52500,693,0,693.0,0.0,1941
116500,665,665,396.0,390.0,1910
119500,780,596,780.0,198.0,1937
125500,803,557,803.0,297.0,1938
91000,1077,0,1007.0,210.0,1922
137500,1081,341,806.0,288.0,1951
131000,1640,0,0.0,394.0,1950
125000,1032,0,0.0,260.0,1935
80000,879,0,830.0,180.0,1936
157000,1073,0,1073.0,246.0,2004
148000,1382,0,1051.0,459.0,1963
154500,1068,0,1059.0,264.0,1963
153600,1064,0,1064.0,528.0,1967
132000,934,0,912.0,336.0,1964
158000,1159,0,1051.0,336.0,1968
149500,672,728,672.0,440.0,1978
165000,1458,0,1176.0,512.0,1967
180000,1721,0,1461.0,440.0,1968
160500,1040,0,960.0,616.0,1978
172500,1252,668,1052.0,451.0,1958
155000,1803,0,1134.0,484.0,1957
105000,872,0,872.0,322.0,1924
145000,960,0,648.0,364.0,1965
168000,1437,0,1188.0,576.0,1956
278000,1830,0,1865.0,521.0,1967
164000,1000,0,1000.0,575.0,1963
225000,1304,983,1304.0,667.0,1953
130000,810,0,782.0,576.0,1971
142500,894,0,864.0,440.0,1974
146000,1350,0,967.0,504.0,1954
225000,1112,896,896.0,230.0,1948
235000,1337,672,672.0,795.0,1928
415000,1836,1836,1836.0,836.0,1935
182000,1560,0,1776.0,528.0,1962
135000,1488,0,0.0,569.0,1952
137000,1057,0,1057.0,288.0,1955
136900,1216,639,994.0,325.0,1954
149900,1068,541,1000.0,305.0,1953
123500,1148,0,980.0,308.0,1952
93000,1124,0,0.0,0.0,1954
91500,1002,454,810.0,280.0,1948
180000,1298,0,1298.0,403.0,1985
215000,1065,846,777.0,471.0,1993
260000,1734,0,1734.0,660.0,2005
225000,1614,0,1614.0,576.0,2005
181000,784,812,784.0,610.0,2005
190000,1582,0,1624.0,390.0,1964
180000,988,0,938.0,540.0,1969
280000,1533,0,1533.0,576.0,1975
148000,914,0,870.0,576.0,1996
145000,1100,0,1100.0,462.0,1996
187000,795,704,781.0,473.0,1995
193000,1425,0,1425.0,591.0,1998
156000,990,0,990.0,576.0,1995
235000,1525,0,1525.0,541.0,2000
217000,1494,0,1479.0,576.0,1997
214000,1588,0,1588.0,472.0,1999
196000,856,893,842.0,515.0,1999
217000,951,828,951.0,586.0,1999
200000,920,941,916.0,492.0,2002
192500,936,840,936.0,474.0,2002
205000,1541,0,1541.0,843.0,2001
132500,954,0,911.0,576.0,1976
157500,686,702,675.0,317.0,1977
174000,1282,0,995.0,672.0,1978
128500,971,0,971.0,300.0,1969
128500,864,0,864.0,288.0,1972
119900,864,0,864.0,297.0,1972
255000,1091,898,1065.0,586.0,2002
222000,878,884,826.0,591.0,2002
214000,840,915,840.0,530.0,1999
220000,1358,0,1348.0,418.0,2002
275000,1787,0,1753.0,748.0,2001
197000,872,1037,872.0,529.0,2002
230000,1654,0,1654.0,900.0,2002
268500,1090,1124,1090.0,646.0,1999
210900,1065,984,1065.0,467.0,1996
227000,1070,869,1054.0,555.0,1998
237000,950,1045,930.0,610.0,1995
274300,1108,989,1108.0,583.0,1998
216837,1836,0,1860.0,484.0,2004
207000,1390,0,1390.0,545.0,2003
195000,847,1101,847.0,434.0,2004
200000,1700,0,1682.0,544.0,2003
195800,784,827,784.0,572.0,2005
196500,860,860,860.0,565.0,2004
98000,760,676,676.0,528.0,1910
149900,1466,0,1466.0,528.0,1959
102000,1220,0,836.0,396.0,1951
196500,806,918,796.0,616.0,2003
117250,914,0,914.0,0.0,2002
229000,1164,1150,1150.0,502.0,2003
97900,624,312,624.0,265.0,1948
104900,949,272,784.0,392.0,1924
115000,864,0,864.0,572.0,1955
116000,686,564,686.0,280.0,1918
118500,954,795,795.0,440.0,1912
35000,498,0,498.0,216.0,1922
121000,1055,218,616.0,275.0,1910
140000,1192,403,940.0,240.0,1940
137000,1058,493,1058.0,240.0,1938
160000,743,736,624.0,312.0,1926
138887,892,892,747.0,180.0,1914
149000,755,755,755.0,216.0,1920
102000,1008,0,1008.0,0.0,1926
200100,901,901,793.0,216.0,1920
131000,992,473,992.0,240.0,1939
112000,824,464,824.0,240.0,1941
195000,940,610,817.0,318.0,1920
230000,792,725,792.0,400.0,1929
194000,1125,592,901.0,410.0,1940
137500,1180,0,700.0,252.0,1922
250000,1020,1037,1017.0,180.0,1936
218000,1122,549,1022.0,451.0,1929
239000,1170,1175,952.0,360.0,1932
199500,959,650,637.0,579.0,1932
210000,1104,697,697.0,365.0,1930
217500,1647,0,1430.0,621.0,1977
257000,1278,1037,1168.0,342.0,1950
223000,1844,0,1844.0,540.0,1969
145400,861,424,861.0,506.0,1926
72000,672,0,432.0,0.0,1925
85000,641,0,641.0,272.0,1925
139000,967,671,967.0,384.0,1957
108000,897,439,637.0,570.0,1920
78000,576,360,216.0,0.0,1916
242500,1625,0,1625.0,576.0,1979
209000,1491,0,1491.0,490.0,2001
148000,1210,0,1128.0,528.0,1975
335000,1238,1281,1210.0,628.0,1989
228000,1707,0,1686.0,511.0,1981
176000,1137,0,1112.0,551.0,1987
180000,1339,0,1309.0,484.0,1990
250000,1298,1216,1216.0,693.0,1990
202000,1403,0,1381.0,470.0,2000
312500,1800,0,1800.0,765.0,2002
81500,1600,0,0.0,270.0,1951
126500,874,0,864.0,288.0,1968
140000,1360,0,1104.0,336.0,1969
160000,1126,0,1126.0,484.0,1977
142500,1003,0,1003.0,588.0,1984
131000,902,0,864.0,484.0,1983
132000,970,0,912.0,0.0,1992
170000,1389,0,1389.0,418.0,1974
188000,996,1004,996.0,650.0,1993
