Day,High,Low,Condition
1,78.1,56.8,Sunny
2,74.6,54.9,Sunny
3,78.2,56.6,Sunny
4,82.2,58.4,Sunny
5,73.1,53.7,Sunny
6,72.8,53.3,Sunny
7,81.5,57.5,Sunny
8,77.1,55.2,Sunny
9,70.6,51.7,Sunny
10,75.3,53.9,Sunny
11,69.9,51.1,Sunny
12,69.6,50.7,Cloudy
13,72.8,52.2,Sunny
14,61.6,46.4,Sunny
15,62.2,46.5,Sunny
16,67.7,49.1,Sunny
17,65.1,47.6,Sunny
18,71.4,50.6,Sunny
19,64.9,47.2,Sunny
20,62.1,45.6,Sunny
21,76.1,52.5,Cloudy
22,67.3,47.9,Sunny
23,68.4,48.3,Sunny
24,60.6,44.2,Sunny
25,64.7,46.1,Sunny
26,67.6,47.4,Sunny
27,61.0,43.9,Sunny
28,68.3,47.3,Sunny
29,63.1,44.6,Sunny
30,64.3,45.0,Sunny
31,62.4,43.9,Sunny
32,74.3,49.7,Cloudy
33,64.7,44.7,Sunny
34,59.1,41.8,Sunny
35,68.2,46.1,Sunny
36,57.6,40.7,Sunny
37,64.5,43.9,Sunny
38,53.3,38.2,Sunny
39,56.1,39.4,Sunny
40,63.4,42.9,Sunny
41,65.8,44.0,Cloudy
42,62.7,42.2,Sunny
43,60.9,41.2,Sunny
44,59.7,40.4,Sunny
45,53.5,37.2,Sunny
46,57.0,38.8,Sunny
47,58.0,39.1,Cloudy
48,65.3,42.6,Sunny
49,61.4,40.5,Sunny
50,50.6,35.0,Sunny
51,60.7,39.9,Sunny
52,56.9,37.8,Sunny
53,55.1,36.8,Sunny
54,61.3,39.8,Sunny
55,63.1,40.5,Sunny
56,62.4,40.0,Cloudy
57,53.2,35.3,Sunny
58,55.6,36.4,Cloudy
59,58.6,37.7,Sunny
60,61.5,39.1,Cloudy
61,54.0,35.2,Sunny
62,55.2,35.7,Sunny
63,50.4,33.1,Sunny
64,49.7,32.7,Sunny
65,59.5,37.4,Sunny
66,62.0,38.6,Cloudy
67,54.6,34.8,Sunny
68,59.7,37.2,Sunny
69,56.3,35.4,Cloudy
70,51.1,32.7,Cloudy
71,55.9,35.0,Sunny
72,61.6,37.7,Sunny
73,53.5,33.6,Sunny
74,61.3,37.4,Sunny
75,40.2,26.7,Sunny
76,57.2,35.1,Sunny
77,53.3,33.1,Sunny
78,51.2,32.0,Cloudy
79,53.0,32.8,Sunny
80,42.5,27.4,Sunny
81,51.1,31.7,Sunny
82,53.9,33.0,Sunny
83,59.3,35.6,Sunny
84,49.2,30.5,Sunny
85,47.6,29.6,Sunny
86,49.0,30.3,Sunny
87,56.0,33.7,Sunny
88,52.9,32.1,Sunny
89,48.5,29.8,Sunny
90,53.6,32.3,Cloudy
91,51.4,31.2,Sunny
92,55.7,33.2,Cloudy
93,47.2,29.0,Sunny
94,49.0,29.8,Sunny
95,48.6,29.6,Cloudy
96,43.2,26.8,Cloudy
97,51.9,31.1,Sunny
98,51.6,31.0,Cloudy
99,50.3,30.3,Sunny
100,49.1,29.6,Sunny
101,43.1,26.6,Cloudy
102,48.0,29.1,Sunny
103,48.4,29.2,Sunny
104,46.1,28.1,Sunny
105,49.2,29.6,Sunny
106,52.0,31.0,Sunny
107,59.4,34.7,Sunny
108,50.9,30.4,Sunny
109,51.3,30.6,Sunny
110,49.6,29.8,Sunny
111,40.4,25.2,Sunny
112,49.9,30.0,Sunny
113,50.4,30.2,Sunny
114,62.4,36.2,Sunny
115,49.2,29.6,Sunny
116,51.7,30.9,Sunny
117,50.0,30.1,Sunny
118,44.4,27.3,Sunny
119,56.0,33.2,Sunny
120,54.1,32.3,Sunny
121,54.4,32.4,Sunny
122,46.0,28.2,Sunny
123,57.6,34.1,Sunny
124,43.7,27.2,Sunny
125,53.7,32.2,Cloudy
126,61.8,36.4,Sunny
127,46.0,28.5,Sunny
128,48.3,29.7,Sunny
129,51.7,31.5,Sunny
130,48.8,30.1,Sunny
131,43.7,27.6,Sunny
132,51.9,31.8,Sunny
133,46.4,29.1,Cloudy
134,54.2,33.0,Sunny
135,47.4,29.7,Cloudy
136,59.9,36.0,Sunny
137,48.4,30.4,Sunny
138,50.9,31.7,Cloudy
139,56.7,34.7,Sunny
140,46.7,29.7,Sunny
141,54.1,33.6,Sunny
142,59.7,36.5,Sunny
143,45.3,29.4,Sunny
144,54.5,34.0,Sunny
145,55.1,34.4,Sunny
146,57.9,35.9,Sunny
147,48.0,31.1,Sunny
148,47.8,31.1,Sunny
149,57.2,35.9,Sunny
150,56.3,35.6,Sunny
151,56.3,35.7,Sunny
152,57.0,36.2,Sunny
153,52.1,33.8,Sunny
154,56.9,36.3,Sunny
155,57.5,36.7,Cloudy
156,52.7,34.5,Sunny
157,65.8,41.2,Sunny
158,59.1,38.0,Sunny
159,51.1,34.0,Sunny
160,60.6,38.9,Sunny
161,52.7,35.1,Sunny
162,61.8,39.8,Sunny
163,63.9,41.0,Sunny
164,54.3,36.3,Sunny
165,63.5,41.1,Sunny
166,61.0,40.0,Sunny
167,63.4,41.3,Sunny
168,69.0,44.3,Sunny
169,58.6,39.2,Sunny
170,56.4,38.2,Sunny
171,56.0,38.2,Sunny
172,56.6,38.7,Cloudy
173,60.6,40.8,Sunny
174,63.1,42.2,Sunny
175,63.0,42.3,Sunny
176,66.1,44.0,Sunny
177,62.4,42.3,Cloudy
178,69.9,46.2,Sunny
179,61.6,42.3,Sunny
180,76.9,50.0,Cloudy
181,66.7,45.1,Sunny
182,59.6,41.8,Sunny
183,58.9,41.6,Sunny
184,67.0,45.8,Cloudy
185,63.8,44.3,Cloudy
186,68.8,47.0,Sunny
187,67.9,46.7,Cloudy
188,65.5,45.7,Sunny
189,62.0,44.1,Sunny
190,59.0,42.8,Cloudy
191,64.7,45.8,Cloudy
192,71.5,49.4,Sunny
193,68.7,48.1,Sunny
194,61.7,44.8,Sunny
195,69.1,48.7,Sunny
196,70.6,49.6,Sunny
197,64.5,46.8,Cloudy
198,70.1,49.7,Sunny
199,69.9,49.8,Sunny
200,64.3,47.1,Cloudy
201,72.1,51.2,Sunny
202,73.5,52.1,Cloudy
203,76.4,53.7,Sunny
204,76.6,54.0,Cloudy
205,64.8,48.3,Cloudy
206,67.4,49.7,Sunny
207,75.0,53.7,Sunny
208,75.3,54.0,Sunny
209,75.7,54.4,Cloudy
210,92.7,63.1,Sunny
211,76.6,55.2,Sunny
212,79.8,56.9,Sunny
213,79.2,56.8,Sunny
214,78.0,56.4,Sunny
215,73.5,54.3,Cloudy
216,79.2,57.3,Sunny
217,71.9,53.8,Sunny
218,74.9,55.5,Sunny
219,74.0,55.2,Cloudy
220,77.2,57.0,Sunny
221,88.6,62.9,Sunny
222,68.1,52.7,Sunny
223,81.1,59.4,Cloudy
224,70.0,54.0,Sunny
225,76.0,57.2,Sunny
226,84.1,61.4,Cloudy
227,79.3,59.1,Cloudy
228,73.9,56.6,Sunny
229,76.0,57.8,Sunny
230,83.3,61.6,Sunny
231,76.5,58.3,Sunny
232,81.6,61.0,Sunny
233,81.0,60.9,Cloudy
234,77.8,59.4,Sunny
235,92.1,66.7,Sunny
236,84.8,63.2,Sunny
237,71.8,56.8,Sunny
238,83.1,62.6,Sunny
239,79.1,60.8,Sunny
240,87.0,64.8,Sunny
241,79.0,61.0,Sunny
242,82.7,62.9,Sunny
243,86.0,64.8,Sunny
244,88.1,65.9,Cloudy
245,78.0,61.0,Sunny
246,82.6,63.4,Cloudy
247,82.1,63.3,Sunny
248,81.4,63.1,Sunny
249,93.8,69.4,Cloudy
250,87.2,66.2,Sunny
251,79.1,62.2,Cloudy
252,90.2,67.9,Sunny
253,96.4,71.1,Sunny
254,91.2,68.6,Sunny
255,78.6,62.4,Sunny
256,84.0,65.2,Sunny
257,93.0,69.8,Cloudy
258,83.3,65.0,Cloudy
259,89.2,68.1,Cloudy
260,91.0,69.1,Sunny
261,82.7,65.0,Sunny
262,87.2,67.4,Sunny
263,71.5,59.6,Sunny
264,82.7,65.3,Sunny
265,86.7,67.4,Sunny
266,81.9,65.0,Sunny
267,96.4,72.4,Sunny
268,81.3,64.8,Sunny
269,86.4,67.5,Sunny
270,89.3,69.0,Sunny
271,96.0,72.4,Sunny
272,81.7,65.3,Sunny
273,94.8,71.9,Sunny
274,89.2,69.2,Sunny
275,84.3,66.8,Sunny
276,91.6,70.5,Sunny
277,90.4,69.9,Sunny
278,86.5,68.0,Cloudy
279,89.9,69.7,Sunny
280,87.7,68.7,Sunny
281,90.3,70.0,Sunny
282,93.1,71.4,Sunny
283,97.7,73.8,Sunny
284,83.7,66.7,Sunny
285,100.5,75.2,Sunny
286,80.2,65.0,Sunny
287,89.2,69.6,Sunny
288,92.9,71.4,Sunny
289,91.4,70.7,Sunny
290,86.9,68.4,Cloudy
291,89.0,69.5,Sunny
292,87.5,68.8,Cloudy
293,87.0,68.5,Sunny
294,94.2,72.1,Sunny
295,91.7,70.9,Sunny
296,86.5,68.2,Sunny
297,94.4,72.2,Cloudy
298,91.4,70.6,Sunny
299,93.9,71.9,Sunny
300,92.9,71.3,Sunny
301,85.6,67.6,Sunny
302,86.9,68.3,Sunny
303,93.3,71.5,Sunny
304,92.6,71.0,Sunny
305,89.3,69.4,Sunny
306,89.9,69.7,Sunny
307,95.7,72.5,Cloudy
308,86.2,67.7,Sunny
309,91.8,70.4,Sunny
310,88.0,68.5,Sunny
311,87.8,68.3,Sunny
312,94.2,71.5,Sunny
313,92.7,70.7,Sunny
314,92.6,70.5,Sunny
315,94.9,71.6,Sunny
316,88.3,68.3,Sunny
317,91.5,69.8,Sunny
318,86.4,67.1,Sunny
319,89.4,68.6,Sunny
320,86.9,67.3,Sunny
321,87.9,67.7,Sunny
322,90.2,68.8,Cloudy
323,83.0,65.0,Sunny
324,97.4,72.1,Cloudy
325,81.7,64.2,Cloudy
326,80.5,63.5,Sunny
327,92.1,69.2,Sunny
328,90.1,68.1,Sunny
329,89.0,67.5,Sunny
330,88.9,67.3,Sunny
331,85.4,65.5,Cloudy
332,80.8,63.0,Cloudy
333,85.4,65.2,Sunny
334,81.4,63.1,Cloudy
335,89.5,67.0,Sunny
336,83.6,64.0,Sunny
337,80.0,62.0,Sunny
338,82.3,63.1,Sunny
339,85.7,64.6,Sunny
340,80.5,62.0,Sunny
341,79.0,61.0,Sunny
342,84.1,63.5,Cloudy
343,83.8,63.2,Sunny
344,79.8,61.0,Sunny
345,79.7,60.9,Sunny
346,82.9,62.3,Sunny
347,74.2,57.9,Sunny
348,74.2,57.7,Cloudy
349,77.3,59.1,Sunny
350,79.5,60.1,Sunny
351,81.9,61.1,Sunny
352,87.4,63.7,Sunny
353,84.0,61.9,Sunny
354,78.6,59.0,Cloudy
355,79.0,59.1,Sunny
356,73.8,56.3,Sunny
357,78.4,58.5,Cloudy
358,76.7,57.5,Sunny
359,79.5,58.7,Sunny
360,73.4,55.5,Cloudy
361,79.8,58.5,Sunny
362,84.6,60.7,Sunny
363,76.0,56.3,Cloudy
364,78.3,57.3,Sunny
365,79.4,57.7,Sunny
